graph,node,degree,closeness,betweenness,eigenvalue,eccentricity,pagerank,graph_size,graph_edges,graph_avg_degree,graph_max_degree,graph_apl,graph_clust_coef,graph_diameter,graph_density,graph_assortativity,avg_distance,graph_triads,graph_girth
1,1,4,0.00741,17.935,0.272,4,0.01773,50,121,4.840,9,2.600,0.113,5,0.099,-0.141,2.600,63,3
1,2,3,0.00730,5.011,0.293,4,0.01307,50,121,4.840,9,2.600,0.113,5,0.099,-0.141,2.600,63,3
1,3,3,0.00741,32.257,0.219,5,0.01458,50,121,4.840,9,2.600,0.113,5,0.099,-0.141,2.600,63,3
1,4,4,0.00769,25.349,0.269,4,0.01770,50,121,4.840,9,2.600,0.113,5,0.099,-0.141,2.600,63,3
1,5,3,0.00680,4.771,0.190,4,0.01381,50,121,4.840,9,2.600,0.113,5,0.099,-0.141,2.600,63,3
1,6,8,0.00943,138.761,0.685,4,0.03126,50,121,4.840,9,2.600,0.113,5,0.099,-0.141,2.600,63,3
1,7,6,0.00826,49.905,0.660,4,0.02330,50,121,4.840,9,2.600,0.113,5,0.099,-0.141,2.600,63,3
1,8,2,0.00685,0.000,0.292,5,0.00961,50,121,4.840,9,2.600,0.113,5,0.099,-0.141,2.600,63,3
1,9,8,0.00862,61.242,1.000,4,0.03002,50,121,4.840,9,2.600,0.113,5,0.099,-0.141,2.600,63,3
1,10,2,0.00629,4.036,0.095,5,0.01082,50,121,4.840,9,2.600,0.113,5,0.099,-0.141,2.600,63,3
1,11,4,0.00820,20.133,0.541,4,0.01626,50,121,4.840,9,2.600,0.113,5,0.099,-0.141,2.600,63,3
1,12,8,0.00917,118.140,0.845,4,0.03264,50,121,4.840,9,2.600,0.113,5,0.099,-0.141,2.600,63,3
1,13,6,0.00870,52.137,0.658,4,0.02343,50,121,4.840,9,2.600,0.113,5,0.099,-0.141,2.600,63,3
1,14,4,0.00806,19.555,0.437,4,0.01648,50,121,4.840,9,2.600,0.113,5,0.099,-0.141,2.600,63,3
1,15,8,0.00909,143.629,0.641,4,0.03353,50,121,4.840,9,2.600,0.113,5,0.099,-0.141,2.600,63,3
1,16,5,0.00794,21.662,0.547,4,0.01973,50,121,4.840,9,2.600,0.113,5,0.099,-0.141,2.600,63,3
1,17,6,0.00870,60.163,0.560,4,0.02376,50,121,4.840,9,2.600,0.113,5,0.099,-0.141,2.600,63,3
1,18,6,0.00833,76.079,0.392,4,0.02488,50,121,4.840,9,2.600,0.113,5,0.099,-0.141,2.600,63,3
1,19,1,0.00592,0.000,0.097,5,0.00669,50,121,4.840,9,2.600,0.113,5,0.099,-0.141,2.600,63,3
1,20,7,0.00870,49.354,0.871,4,0.02650,50,121,4.840,9,2.600,0.113,5,0.099,-0.141,2.600,63,3
1,21,2,0.00676,0.000,0.196,4,0.01031,50,121,4.840,9,2.600,0.113,5,0.099,-0.141,2.600,63,3
1,22,6,0.00826,75.919,0.547,4,0.02605,50,121,4.840,9,2.600,0.113,5,0.099,-0.141,2.600,63,3
1,23,5,0.00862,37.683,0.645,4,0.01994,50,121,4.840,9,2.600,0.113,5,0.099,-0.141,2.600,63,3
1,24,8,0.00855,48.961,0.973,4,0.03024,50,121,4.840,9,2.600,0.113,5,0.099,-0.141,2.600,63,3
1,25,1,0.00637,0.000,0.149,5,0.00647,50,121,4.840,9,2.600,0.113,5,0.099,-0.141,2.600,63,3
1,26,3,0.00763,5.418,0.499,4,0.01268,50,121,4.840,9,2.600,0.113,5,0.099,-0.141,2.600,63,3
1,27,5,0.00787,19.073,0.558,4,0.01965,50,121,4.840,9,2.600,0.113,5,0.099,-0.141,2.600,63,3
1,28,6,0.00813,28.503,0.740,4,0.02321,50,121,4.840,9,2.600,0.113,5,0.099,-0.141,2.600,63,3
1,29,6,0.00840,61.747,0.506,4,0.02410,50,121,4.840,9,2.600,0.113,5,0.099,-0.141,2.600,63,3
1,30,4,0.00806,30.223,0.469,4,0.01762,50,121,4.840,9,2.600,0.113,5,0.099,-0.141,2.600,63,3
1,31,9,0.00935,127.751,0.855,4,0.03470,50,121,4.840,9,2.600,0.113,5,0.099,-0.141,2.600,63,3
1,32,6,0.00877,71.652,0.515,3,0.02417,50,121,4.840,9,2.600,0.113,5,0.099,-0.141,2.600,63,3
1,33,3,0.00794,8.042,0.409,4,0.01285,50,121,4.840,9,2.600,0.113,5,0.099,-0.141,2.600,63,3
1,34,6,0.00877,60.179,0.531,4,0.02378,50,121,4.840,9,2.600,0.113,5,0.099,-0.141,2.600,63,3
1,35,5,0.00763,37.241,0.316,4,0.02170,50,121,4.840,9,2.600,0.113,5,0.099,-0.141,2.600,63,3
1,36,6,0.00870,44.976,0.801,4,0.02351,50,121,4.840,9,2.600,0.113,5,0.099,-0.141,2.600,63,3
1,37,4,0.00758,28.547,0.310,4,0.01711,50,121,4.840,9,2.600,0.113,5,0.099,-0.141,2.600,63,3
1,38,7,0.00840,69.096,0.602,4,0.02865,50,121,4.840,9,2.600,0.113,5,0.099,-0.141,2.600,63,3
1,39,6,0.00787,28.660,0.570,4,0.02352,50,121,4.840,9,2.600,0.113,5,0.099,-0.141,2.600,63,3
1,40,4,0.00806,24.486,0.342,4,0.01702,50,121,4.840,9,2.600,0.113,5,0.099,-0.141,2.600,63,3
1,41,5,0.00826,41.459,0.415,4,0.02074,50,121,4.840,9,2.600,0.113,5,0.099,-0.141,2.600,63,3
1,42,3,0.00735,17.981,0.298,5,0.01320,50,121,4.840,9,2.600,0.113,5,0.099,-0.141,2.600,63,3
1,43,3,0.00654,7.247,0.150,5,0.01437,50,121,4.840,9,2.600,0.113,5,0.099,-0.141,2.600,63,3
1,44,4,0.00735,7.569,0.502,4,0.01617,50,121,4.840,9,2.600,0.113,5,0.099,-0.141,2.600,63,3
1,45,7,0.00917,61.029,0.878,4,0.02616,50,121,4.840,9,2.600,0.113,5,0.099,-0.141,2.600,63,3
1,46,5,0.00826,28.674,0.554,4,0.01992,50,121,4.840,9,2.600,0.113,5,0.099,-0.141,2.600,63,3
1,47,5,0.00800,36.556,0.494,4,0.02060,50,121,4.840,9,2.600,0.113,5,0.099,-0.141,2.600,63,3
1,48,3,0.00704,18.179,0.187,4,0.01440,50,121,4.840,9,2.600,0.113,5,0.099,-0.141,2.600,63,3
1,49,2,0.00714,4.502,0.219,4,0.01004,50,121,4.840,9,2.600,0.113,5,0.099,-0.141,2.600,63,3
1,50,5,0.00725,28.527,0.286,4,0.02129,50,121,4.840,9,2.600,0.113,5,0.099,-0.141,2.600,63,3
2,1,6,0.00781,73.014,0.455,4,0.02752,50,102,4.080,8,2.840,0.100,6,0.083,0.052,2.840,39,3
2,2,4,0.00725,54.344,0.320,5,0.01983,50,102,4.080,8,2.840,0.100,6,0.083,0.052,2.840,39,3
2,3,3,0.00680,23.561,0.166,5,0.01589,50,102,4.080,8,2.840,0.100,6,0.083,0.052,2.840,39,3
2,4,5,0.00826,45.297,0.667,4,0.02206,50,102,4.080,8,2.840,0.100,6,0.083,0.052,2.840,39,3
2,5,3,0.00671,12.180,0.250,4,0.01575,50,102,4.080,8,2.840,0.100,6,0.083,0.052,2.840,39,3
2,6,3,0.00649,10.510,0.211,5,0.01564,50,102,4.080,8,2.840,0.100,6,0.083,0.052,2.840,39,3
2,7,7,0.00885,118.506,0.700,4,0.03165,50,102,4.080,8,2.840,0.100,6,0.083,0.052,2.840,39,3
2,8,3,0.00704,21.260,0.195,4,0.01581,50,102,4.080,8,2.840,0.100,6,0.083,0.052,2.840,39,3
2,9,8,0.00885,132.021,0.853,4,0.03530,50,102,4.080,8,2.840,0.100,6,0.083,0.052,2.840,39,3
2,10,7,0.00870,55.561,1.000,4,0.02943,50,102,4.080,8,2.840,0.100,6,0.083,0.052,2.840,39,3
2,11,3,0.00709,19.403,0.293,4,0.01548,50,102,4.080,8,2.840,0.100,6,0.083,0.052,2.840,39,3
2,12,4,0.00787,58.864,0.406,4,0.01956,50,102,4.080,8,2.840,0.100,6,0.083,0.052,2.840,39,3
2,13,4,0.00746,35.230,0.336,4,0.01931,50,102,4.080,8,2.840,0.100,6,0.083,0.052,2.840,39,3
2,14,4,0.00719,39.846,0.318,5,0.01986,50,102,4.080,8,2.840,0.100,6,0.083,0.052,2.840,39,3
2,15,8,0.00847,117.452,0.798,4,0.03508,50,102,4.080,8,2.840,0.100,6,0.083,0.052,2.840,39,3
2,16,8,0.00877,191.445,0.517,4,0.03827,50,102,4.080,8,2.840,0.100,6,0.083,0.052,2.840,39,3
2,17,3,0.00649,18.388,0.169,5,0.01564,50,102,4.080,8,2.840,0.100,6,0.083,0.052,2.840,39,3
2,18,2,0.00625,11.046,0.101,5,0.01184,50,102,4.080,8,2.840,0.100,6,0.083,0.052,2.840,39,3
2,19,4,0.00641,33.311,0.110,5,0.02202,50,102,4.080,8,2.840,0.100,6,0.083,0.052,2.840,39,3
2,20,1,0.00515,0.000,0.039,6,0.00806,50,102,4.080,8,2.840,0.100,6,0.083,0.052,2.840,39,3
2,21,5,0.00787,62.159,0.420,4,0.02336,50,102,4.080,8,2.840,0.100,6,0.083,0.052,2.840,39,3
2,22,6,0.00862,79.769,0.741,4,0.02656,50,102,4.080,8,2.840,0.100,6,0.083,0.052,2.840,39,3
2,23,4,0.00763,48.530,0.266,5,0.01973,50,102,4.080,8,2.840,0.100,6,0.083,0.052,2.840,39,3
2,24,3,0.00667,30.334,0.123,5,0.01653,50,102,4.080,8,2.840,0.100,6,0.083,0.052,2.840,39,3
2,25,2,0.00617,5.461,0.139,5,0.01149,50,102,4.080,8,2.840,0.100,6,0.083,0.052,2.840,39,3
2,26,2,0.00649,5.302,0.159,5,0.01145,50,102,4.080,8,2.840,0.100,6,0.083,0.052,2.840,39,3
2,27,3,0.00676,16.194,0.218,5,0.01601,50,102,4.080,8,2.840,0.100,6,0.083,0.052,2.840,39,3
2,28,6,0.00826,88.580,0.634,4,0.02661,50,102,4.080,8,2.840,0.100,6,0.083,0.052,2.840,39,3
2,29,3,0.00671,21.338,0.231,5,0.01566,50,102,4.080,8,2.840,0.100,6,0.083,0.052,2.840,39,3
2,30,5,0.00775,60.457,0.488,5,0.02328,50,102,4.080,8,2.840,0.100,6,0.083,0.052,2.840,39,3
2,31,5,0.00787,46.276,0.585,4,0.02262,50,102,4.080,8,2.840,0.100,6,0.083,0.052,2.840,39,3
2,32,3,0.00704,34.546,0.238,5,0.01612,50,102,4.080,8,2.840,0.100,6,0.083,0.052,2.840,39,3
2,33,4,0.00685,82.162,0.197,5,0.02380,50,102,4.080,8,2.840,0.100,6,0.083,0.052,2.840,39,3
2,34,8,0.00855,163.930,0.662,4,0.03654,50,102,4.080,8,2.840,0.100,6,0.083,0.052,2.840,39,3
2,35,3,0.00690,47.444,0.138,4,0.01725,50,102,4.080,8,2.840,0.100,6,0.083,0.052,2.840,39,3
2,36,4,0.00752,38.590,0.312,4,0.01996,50,102,4.080,8,2.840,0.100,6,0.083,0.052,2.840,39,3
2,37,2,0.00662,22.717,0.123,5,0.01175,50,102,4.080,8,2.840,0.100,6,0.083,0.052,2.840,39,3
2,38,6,0.00794,35.173,0.819,4,0.02563,50,102,4.080,8,2.840,0.100,6,0.083,0.052,2.840,39,3
2,39,2,0.00637,4.972,0.216,5,0.01121,50,102,4.080,8,2.840,0.100,6,0.083,0.052,2.840,39,3
2,40,4,0.00741,27.591,0.382,4,0.01909,50,102,4.080,8,2.840,0.100,6,0.083,0.052,2.840,39,3
2,41,3,0.00758,20.562,0.333,4,0.01483,50,102,4.080,8,2.840,0.100,6,0.083,0.052,2.840,39,3
2,42,3,0.00676,21.574,0.215,4,0.01561,50,102,4.080,8,2.840,0.100,6,0.083,0.052,2.840,39,3
2,43,4,0.00725,40.647,0.197,5,0.02002,50,102,4.080,8,2.840,0.100,6,0.083,0.052,2.840,39,3
2,44,3,0.00709,11.857,0.337,4,0.01465,50,102,4.080,8,2.840,0.100,6,0.083,0.052,2.840,39,3
2,45,3,0.00671,9.108,0.204,5,0.01513,50,102,4.080,8,2.840,0.100,6,0.083,0.052,2.840,39,3
2,46,5,0.00719,45.210,0.283,5,0.02384,50,102,4.080,8,2.840,0.100,6,0.083,0.052,2.840,39,3
2,47,5,0.00806,54.648,0.602,4,0.02278,50,102,4.080,8,2.840,0.100,6,0.083,0.052,2.840,39,3
2,48,3,0.00637,23.944,0.123,6,0.01615,50,102,4.080,8,2.840,0.100,6,0.083,0.052,2.840,39,3
2,49,2,0.00595,10.133,0.066,5,0.01295,50,102,4.080,8,2.840,0.100,6,0.083,0.052,2.840,39,3
2,50,3,0.00719,23.554,0.261,5,0.01538,50,102,4.080,8,2.840,0.100,6,0.083,0.052,2.840,39,3
3,1,5,0.00847,15.474,0.466,4,0.01849,50,134,5.360,10,2.456,0.103,5,0.109,-0.130,2.456,75,3
3,2,2,0.00730,0.500,0.262,4,0.00897,50,134,5.360,10,2.456,0.103,5,0.109,-0.130,2.456,75,3
3,3,1,0.00559,0.000,0.037,5,0.00705,50,134,5.360,10,2.456,0.103,5,0.109,-0.130,2.456,75,3
3,4,4,0.00833,8.564,0.484,4,0.01510,50,134,5.360,10,2.456,0.103,5,0.109,-0.130,2.456,75,3
3,5,2,0.00714,2.361,0.187,4,0.00939,50,134,5.360,10,2.456,0.103,5,0.109,-0.130,2.456,75,3
3,6,10,0.00962,87.480,1.000,4,0.03426,50,134,5.360,10,2.456,0.103,5,0.109,-0.130,2.456,75,3
3,7,10,0.00935,81.106,0.969,4,0.03439,50,134,5.360,10,2.456,0.103,5,0.109,-0.130,2.456,75,3
3,8,4,0.00775,12.982,0.386,5,0.01568,50,134,5.360,10,2.456,0.103,5,0.109,-0.130,2.456,75,3
3,9,6,0.00893,62.160,0.564,4,0.02305,50,134,5.360,10,2.456,0.103,5,0.109,-0.130,2.456,75,3
3,10,4,0.00769,14.373,0.363,5,0.01582,50,134,5.360,10,2.456,0.103,5,0.109,-0.130,2.456,75,3
3,11,6,0.00901,75.457,0.463,4,0.02417,50,134,5.360,10,2.456,0.103,5,0.109,-0.130,2.456,75,3
3,12,9,0.00935,85.256,0.769,4,0.03221,50,134,5.360,10,2.456,0.103,5,0.109,-0.130,2.456,75,3
3,13,9,0.00943,76.738,0.904,4,0.03100,50,134,5.360,10,2.456,0.103,5,0.109,-0.130,2.456,75,3
3,14,3,0.00763,9.788,0.285,4,0.01238,50,134,5.360,10,2.456,0.103,5,0.109,-0.130,2.456,75,3
3,15,9,0.00971,117.391,0.789,3,0.03279,50,134,5.360,10,2.456,0.103,5,0.109,-0.130,2.456,75,3
3,16,4,0.00840,8.210,0.543,4,0.01487,50,134,5.360,10,2.456,0.103,5,0.109,-0.130,2.456,75,3
3,17,3,0.00752,0.708,0.392,4,0.01187,50,134,5.360,10,2.456,0.103,5,0.109,-0.130,2.456,75,3
3,18,3,0.00800,6.034,0.325,4,0.01217,50,134,5.360,10,2.456,0.103,5,0.109,-0.130,2.456,75,3
3,19,4,0.00752,9.995,0.314,4,0.01594,50,134,5.360,10,2.456,0.103,5,0.109,-0.130,2.456,75,3
3,20,4,0.00763,57.155,0.240,4,0.01908,50,134,5.360,10,2.456,0.103,5,0.109,-0.130,2.456,75,3
3,21,7,0.00926,51.305,0.727,4,0.02482,50,134,5.360,10,2.456,0.103,5,0.109,-0.130,2.456,75,3
3,22,7,0.00926,37.605,0.789,4,0.02447,50,134,5.360,10,2.456,0.103,5,0.109,-0.130,2.456,75,3
3,23,3,0.00746,10.771,0.255,5,0.01254,50,134,5.360,10,2.456,0.103,5,0.109,-0.130,2.456,75,3
3,24,8,0.00935,53.055,0.848,4,0.02800,50,134,5.360,10,2.456,0.103,5,0.109,-0.130,2.456,75,3
3,25,3,0.00709,5.801,0.234,4,0.01281,50,134,5.360,10,2.456,0.103,5,0.109,-0.130,2.456,75,3
3,26,5,0.00806,20.786,0.425,5,0.01892,50,134,5.360,10,2.456,0.103,5,0.109,-0.130,2.456,75,3
3,27,7,0.00980,39.012,0.931,4,0.02377,50,134,5.360,10,2.456,0.103,5,0.109,-0.130,2.456,75,3
3,28,3,0.00775,12.241,0.343,4,0.01245,50,134,5.360,10,2.456,0.103,5,0.109,-0.130,2.456,75,3
3,29,8,0.00917,45.014,0.905,4,0.02725,50,134,5.360,10,2.456,0.103,5,0.109,-0.130,2.456,75,3
3,30,7,0.00943,53.601,0.703,3,0.02518,50,134,5.360,10,2.456,0.103,5,0.109,-0.130,2.456,75,3
3,31,8,0.00962,64.364,0.902,4,0.02760,50,134,5.360,10,2.456,0.103,5,0.109,-0.130,2.456,75,3
3,32,5,0.00833,21.779,0.520,4,0.01846,50,134,5.360,10,2.456,0.103,5,0.109,-0.130,2.456,75,3
3,33,6,0.00847,41.924,0.499,4,0.02234,50,134,5.360,10,2.456,0.103,5,0.109,-0.130,2.456,75,3
3,34,6,0.00847,45.213,0.425,4,0.02270,50,134,5.360,10,2.456,0.103,5,0.109,-0.130,2.456,75,3
3,35,3,0.00794,25.151,0.270,4,0.01321,50,134,5.360,10,2.456,0.103,5,0.109,-0.130,2.456,75,3
3,36,4,0.00787,16.690,0.354,4,0.01577,50,134,5.360,10,2.456,0.103,5,0.109,-0.130,2.456,75,3
3,37,6,0.00909,20.823,0.812,4,0.02065,50,134,5.360,10,2.456,0.103,5,0.109,-0.130,2.456,75,3
3,38,6,0.00909,43.401,0.637,4,0.02207,50,134,5.360,10,2.456,0.103,5,0.109,-0.130,2.456,75,3
3,39,4,0.00820,14.246,0.401,4,0.01527,50,134,5.360,10,2.456,0.103,5,0.109,-0.130,2.456,75,3
3,40,3,0.00719,7.550,0.235,4,0.01277,50,134,5.360,10,2.456,0.103,5,0.109,-0.130,2.456,75,3
3,41,8,0.00893,75.772,0.669,4,0.02894,50,134,5.360,10,2.456,0.103,5,0.109,-0.130,2.456,75,3
3,42,8,0.00980,77.477,0.836,4,0.02819,50,134,5.360,10,2.456,0.103,5,0.109,-0.130,2.456,75,3
3,43,2,0.00741,0.000,0.243,4,0.00914,50,134,5.360,10,2.456,0.103,5,0.109,-0.130,2.456,75,3
3,44,5,0.00870,35.314,0.448,4,0.01895,50,134,5.360,10,2.456,0.103,5,0.109,-0.130,2.456,75,3
3,45,8,0.00952,80.461,0.718,4,0.02859,50,134,5.360,10,2.456,0.103,5,0.109,-0.130,2.456,75,3
3,46,8,0.00935,59.265,0.687,3,0.02820,50,134,5.360,10,2.456,0.103,5,0.109,-0.130,2.456,75,3
3,47,6,0.00917,42.195,0.668,3,0.02170,50,134,5.360,10,2.456,0.103,5,0.109,-0.130,2.456,75,3
3,48,1,0.00629,0.000,0.072,5,0.00642,50,134,5.360,10,2.456,0.103,5,0.109,-0.130,2.456,75,3
3,49,7,0.00893,32.939,0.758,4,0.02449,50,134,5.360,10,2.456,0.103,5,0.109,-0.130,2.456,75,3
3,50,4,0.00813,17.513,0.356,4,0.01565,50,134,5.360,10,2.456,0.103,5,0.109,-0.130,2.456,75,3
4,1,7,0.00633,63.101,0.578,4,0.02662,50,125,5.000,10,2.505,0.092,5,0.102,-0.026,2.505,57,3
4,2,6,0.00610,52.360,0.540,4,0.02393,50,125,5.000,10,2.505,0.092,5,0.102,-0.026,2.505,57,3
4,3,8,0.00671,80.763,0.810,3,0.02929,50,125,5.000,10,2.505,0.092,5,0.102,-0.026,2.505,57,3
4,4,3,0.00549,6.867,0.217,4,0.01342,50,125,5.000,10,2.505,0.092,5,0.102,-0.026,2.505,57,3
4,5,6,0.00645,50.692,0.590,3,0.02314,50,125,5.000,10,2.505,0.092,5,0.102,-0.026,2.505,57,3
4,6,6,0.00599,23.490,0.532,4,0.02291,50,125,5.000,10,2.505,0.092,5,0.102,-0.026,2.505,57,3
4,7,5,0.00585,75.610,0.323,4,0.02375,50,125,5.000,10,2.505,0.092,5,0.102,-0.026,2.505,57,3
4,8,9,0.00637,105.299,0.762,4,0.03517,50,125,5.000,10,2.505,0.092,5,0.102,-0.026,2.505,57,3
4,9,6,0.00621,58.271,0.470,4,0.02416,50,125,5.000,10,2.505,0.092,5,0.102,-0.026,2.505,57,3
4,10,5,0.00585,21.383,0.442,4,0.01945,50,125,5.000,10,2.505,0.092,5,0.102,-0.026,2.505,57,3
4,11,2,0.00524,3.625,0.132,4,0.01011,50,125,5.000,10,2.505,0.092,5,0.102,-0.026,2.505,57,3
4,12,5,0.00606,30.664,0.549,4,0.01958,50,125,5.000,10,2.505,0.092,5,0.102,-0.026,2.505,57,3
4,13,10,0.00690,145.923,1.000,3,0.03692,50,125,5.000,10,2.505,0.092,5,0.102,-0.026,2.505,57,3
4,14,6,0.00625,28.798,0.740,3,0.02231,50,125,5.000,10,2.505,0.092,5,0.102,-0.026,2.505,57,3
4,15,2,0.00546,0.000,0.297,4,0.00941,50,125,5.000,10,2.505,0.092,5,0.102,-0.026,2.505,57,3
4,16,5,0.00606,23.319,0.445,4,0.01939,50,125,5.000,10,2.505,0.092,5,0.102,-0.026,2.505,57,3
4,17,7,0.00649,62.598,0.682,3,0.02630,50,125,5.000,10,2.505,0.092,5,0.102,-0.026,2.505,57,3
4,18,3,0.00541,6.276,0.278,5,0.01312,50,125,5.000,10,2.505,0.092,5,0.102,-0.026,2.505,57,3
4,19,3,0.00556,4.116,0.275,4,0.01306,50,125,5.000,10,2.505,0.092,5,0.102,-0.026,2.505,57,3
4,20,5,0.00595,28.793,0.422,4,0.02023,50,125,5.000,10,2.505,0.092,5,0.102,-0.026,2.505,57,3
4,21,4,0.00568,18.667,0.316,5,0.01689,50,125,5.000,10,2.505,0.092,5,0.102,-0.026,2.505,57,3
4,22,7,0.00637,46.960,0.675,4,0.02585,50,125,5.000,10,2.505,0.092,5,0.102,-0.026,2.505,57,3
4,23,5,0.00581,14.423,0.511,4,0.01917,50,125,5.000,10,2.505,0.092,5,0.102,-0.026,2.505,57,3
4,24,5,0.00581,19.935,0.456,4,0.01944,50,125,5.000,10,2.505,0.092,5,0.102,-0.026,2.505,57,3
4,25,5,0.00602,21.555,0.513,4,0.01935,50,125,5.000,10,2.505,0.092,5,0.102,-0.026,2.505,57,3
4,26,1,0.00490,0.000,0.127,5,0.00637,50,125,5.000,10,2.505,0.092,5,0.102,-0.026,2.505,57,3
4,27,6,0.00625,34.142,0.630,4,0.02245,50,125,5.000,10,2.505,0.092,5,0.102,-0.026,2.505,57,3
4,28,7,0.00633,61.801,0.594,4,0.02653,50,125,5.000,10,2.505,0.092,5,0.102,-0.026,2.505,57,3
4,29,5,0.00581,23.856,0.403,4,0.02041,50,125,5.000,10,2.505,0.092,5,0.102,-0.026,2.505,57,3
4,30,3,0.00549,9.485,0.243,4,0.01317,50,125,5.000,10,2.505,0.092,5,0.102,-0.026,2.505,57,3
4,31,3,0.00562,8.185,0.305,4,0.01290,50,125,5.000,10,2.505,0.092,5,0.102,-0.026,2.505,57,3
4,32,4,0.00571,12.486,0.311,4,0.01665,50,125,5.000,10,2.505,0.092,5,0.102,-0.026,2.505,57,3
4,33,5,0.00575,12.714,0.447,4,0.01923,50,125,5.000,10,2.505,0.092,5,0.102,-0.026,2.505,57,3
4,34,1,0.00467,0.000,0.068,5,0.00681,50,125,5.000,10,2.505,0.092,5,0.102,-0.026,2.505,57,3
4,35,5,0.00613,34.514,0.482,4,0.01970,50,125,5.000,10,2.505,0.092,5,0.102,-0.026,2.505,57,3
4,36,5,0.00588,43.713,0.322,4,0.02141,50,125,5.000,10,2.505,0.092,5,0.102,-0.026,2.505,57,3
4,37,5,0.00585,29.375,0.326,4,0.02062,50,125,5.000,10,2.505,0.092,5,0.102,-0.026,2.505,57,3
4,38,4,0.00575,17.207,0.362,4,0.01653,50,125,5.000,10,2.505,0.092,5,0.102,-0.026,2.505,57,3
4,39,2,0.00510,4.042,0.144,5,0.01048,50,125,5.000,10,2.505,0.092,5,0.102,-0.026,2.505,57,3
4,40,7,0.00621,62.603,0.595,4,0.02640,50,125,5.000,10,2.505,0.092,5,0.102,-0.026,2.505,57,3
4,41,5,0.00599,62.586,0.407,4,0.02212,50,125,5.000,10,2.505,0.092,5,0.102,-0.026,2.505,57,3
4,42,4,0.00575,9.413,0.421,4,0.01592,50,125,5.000,10,2.505,0.092,5,0.102,-0.026,2.505,57,3
4,43,6,0.00595,25.118,0.594,4,0.02247,50,125,5.000,10,2.505,0.092,5,0.102,-0.026,2.505,57,3
4,44,6,0.00613,43.451,0.466,4,0.02344,50,125,5.000,10,2.505,0.092,5,0.102,-0.026,2.505,57,3
4,45,1,0.00459,0.000,0.054,5,0.00709,50,125,5.000,10,2.505,0.092,5,0.102,-0.026,2.505,57,3
4,46,6,0.00613,37.169,0.526,4,0.02278,50,125,5.000,10,2.505,0.092,5,0.102,-0.026,2.505,57,3
4,47,8,0.00637,64.613,0.782,4,0.03033,50,125,5.000,10,2.505,0.092,5,0.102,-0.026,2.505,57,3
4,48,10,0.00671,118.537,0.977,4,0.03645,50,125,5.000,10,2.505,0.092,5,0.102,-0.026,2.505,57,3
4,49,0,0.00041,0.000,0.000,0,0.00305,50,125,5.000,10,2.505,0.092,5,0.102,-0.026,2.505,57,3
4,50,6,0.00637,61.502,0.514,3,0.02372,50,125,5.000,10,2.505,0.092,5,0.102,-0.026,2.505,57,3
5,1,7,0.00610,662.000,1.000,7,0.06283,50,49,1.960,7,5.030,0.000,11,0.040,-0.330,5.030,0,0
5,2,6,0.00658,780.000,0.820,6,0.05317,50,49,1.960,7,5.030,0.000,11,0.040,-0.330,5.030,0,0
5,3,1,0.00472,0.000,0.316,8,0.01063,50,49,1.960,7,5.030,0.000,11,0.040,-0.330,5.030,0,0
5,4,2,0.00481,94.000,0.356,8,0.01997,50,49,1.960,7,5.030,0.000,11,0.040,-0.330,5.030,0,0
5,5,5,0.00625,675.000,0.515,6,0.04478,50,49,1.960,7,5.030,0.000,11,0.040,-0.330,5.030,0,0
5,6,4,0.00549,491.000,0.261,7,0.03707,50,49,1.960,7,5.030,0.000,11,0.040,-0.330,5.030,0,0
5,7,6,0.00515,389.000,0.685,8,0.05602,50,49,1.960,7,5.030,0.000,11,0.040,-0.330,5.030,0,0
5,8,3,0.00424,140.000,0.275,9,0.03010,50,49,1.960,7,5.030,0.000,11,0.040,-0.330,5.030,0,0
5,9,1,0.00352,0.000,0.087,10,0.01153,50,49,1.960,7,5.030,0.000,11,0.040,-0.330,5.030,0,0
5,10,1,0.00435,0.000,0.083,8,0.01088,50,49,1.960,7,5.030,0.000,11,0.040,-0.330,5.030,0,0
5,11,5,0.00476,419.000,0.145,8,0.04687,50,49,1.960,7,5.030,0.000,11,0.040,-0.330,5.030,0,0
5,12,2,0.00476,48.000,0.352,8,0.02063,50,49,1.960,7,5.030,0.000,11,0.040,-0.330,5.030,0,0
5,13,1,0.00500,0.000,0.259,7,0.01053,50,49,1.960,7,5.030,0.000,11,0.040,-0.330,5.030,0,0
5,14,2,0.00526,220.000,0.298,7,0.01900,50,49,1.960,7,5.030,0.000,11,0.040,-0.330,5.030,0,0
5,15,2,0.00355,48.000,0.097,10,0.02204,50,49,1.960,7,5.030,0.000,11,0.040,-0.330,5.030,0,0
5,16,2,0.00485,48.000,0.181,7,0.02061,50,49,1.960,7,5.030,0.000,11,0.040,-0.330,5.030,0,0
5,17,1,0.00388,0.000,0.046,9,0.01097,50,49,1.960,7,5.030,0.000,11,0.040,-0.330,5.030,0,0
5,18,2,0.00417,48.000,0.241,9,0.02111,50,49,1.960,7,5.030,0.000,11,0.040,-0.330,5.030,0,0
5,19,2,0.00403,220.000,0.055,9,0.01965,50,49,1.960,7,5.030,0.000,11,0.040,-0.330,5.030,0,0
5,20,5,0.00347,186.000,0.029,10,0.05107,50,49,1.960,7,5.030,0.000,11,0.040,-0.330,5.030,0,0
5,21,1,0.00435,0.000,0.083,8,0.01088,50,49,1.960,7,5.030,0.000,11,0.040,-0.330,5.030,0,0
5,22,1,0.00303,0.000,0.031,11,0.01237,50,49,1.960,7,5.030,0.000,11,0.040,-0.330,5.030,0,0
5,23,1,0.00298,0.000,0.009,11,0.01168,50,49,1.960,7,5.030,0.000,11,0.040,-0.330,5.030,0,0
5,24,2,0.00394,48.000,0.125,9,0.02198,50,49,1.960,7,5.030,0.000,11,0.040,-0.330,5.030,0,0
5,25,3,0.00435,183.000,0.122,8,0.02987,50,49,1.960,7,5.030,0.000,11,0.040,-0.330,5.030,0,0
5,26,1,0.00500,0.000,0.259,7,0.01053,50,49,1.960,7,5.030,0.000,11,0.040,-0.330,5.030,0,0
5,27,3,0.00490,95.000,0.204,7,0.03031,50,49,1.960,7,5.030,0.000,11,0.040,-0.330,5.030,0,0
5,28,1,0.00413,0.000,0.217,9,0.01094,50,49,1.960,7,5.030,0.000,11,0.040,-0.330,5.030,0,0
5,29,1,0.00472,0.000,0.316,8,0.01063,50,49,1.960,7,5.030,0.000,11,0.040,-0.330,5.030,0,0
5,30,1,0.00413,0.000,0.217,9,0.01094,50,49,1.960,7,5.030,0.000,11,0.040,-0.330,5.030,0,0
5,31,3,0.00365,95.000,0.048,9,0.03196,50,49,1.960,7,5.030,0.000,11,0.040,-0.330,5.030,0,0
5,32,1,0.00413,0.000,0.217,9,0.01094,50,49,1.960,7,5.030,0.000,11,0.040,-0.330,5.030,0,0
5,33,2,0.00391,48.000,0.051,9,0.02116,50,49,1.960,7,5.030,0.000,11,0.040,-0.330,5.030,0,0
5,34,1,0.00394,0.000,0.057,8,0.01176,50,49,1.960,7,5.030,0.000,11,0.040,-0.330,5.030,0,0
5,35,1,0.00388,0.000,0.111,9,0.01177,50,49,1.960,7,5.030,0.000,11,0.040,-0.330,5.030,0,0
5,36,1,0.00481,0.000,0.163,7,0.01061,50,49,1.960,7,5.030,0.000,11,0.040,-0.330,5.030,0,0
5,37,1,0.00397,0.000,0.064,8,0.01159,50,49,1.960,7,5.030,0.000,11,0.040,-0.330,5.030,0,0
5,38,1,0.00298,0.000,0.009,11,0.01168,50,49,1.960,7,5.030,0.000,11,0.040,-0.330,5.030,0,0
5,39,1,0.00397,0.000,0.064,8,0.01159,50,49,1.960,7,5.030,0.000,11,0.040,-0.330,5.030,0,0
5,40,1,0.00500,0.000,0.259,7,0.01053,50,49,1.960,7,5.030,0.000,11,0.040,-0.330,5.030,0,0
5,41,1,0.00360,0.000,0.038,9,0.01146,50,49,1.960,7,5.030,0.000,11,0.040,-0.330,5.030,0,0
5,42,1,0.00388,0.000,0.046,9,0.01097,50,49,1.960,7,5.030,0.000,11,0.040,-0.330,5.030,0,0
5,43,1,0.00311,0.000,0.015,10,0.01205,50,49,1.960,7,5.030,0.000,11,0.040,-0.330,5.030,0,0
5,44,1,0.00331,0.000,0.040,10,0.01234,50,49,1.960,7,5.030,0.000,11,0.040,-0.330,5.030,0,0
5,45,1,0.00311,0.000,0.015,10,0.01205,50,49,1.960,7,5.030,0.000,11,0.040,-0.330,5.030,0,0
5,46,1,0.00298,0.000,0.009,11,0.01168,50,49,1.960,7,5.030,0.000,11,0.040,-0.330,5.030,0,0
5,47,1,0.00298,0.000,0.009,11,0.01168,50,49,1.960,7,5.030,0.000,11,0.040,-0.330,5.030,0,0
5,48,1,0.00329,0.000,0.016,10,0.01199,50,49,1.960,7,5.030,0.000,11,0.040,-0.330,5.030,0,0
5,49,1,0.00472,0.000,0.316,8,0.01063,50,49,1.960,7,5.030,0.000,11,0.040,-0.330,5.030,0,0
5,50,1,0.00347,0.000,0.076,10,0.01197,50,49,1.960,7,5.030,0.000,11,0.040,-0.330,5.030,0,0
6,1,6,0.00730,426.000,0.453,5,0.05496,50,49,1.960,11,4.014,0.000,8,0.040,-0.149,4.014,0,0
6,2,11,0.00917,1010.000,1.000,4,0.09514,50,49,1.960,11,4.014,0.000,8,0.040,-0.149,4.014,0,0
6,3,3,0.00552,95.000,0.146,6,0.03065,50,49,1.960,11,4.014,0.000,8,0.040,-0.149,4.014,0,0
6,4,4,0.00671,185.000,0.356,5,0.03849,50,49,1.960,11,4.014,0.000,8,0.040,-0.149,4.014,0,0
6,5,2,0.00645,48.000,0.296,5,0.02020,50,49,1.960,11,4.014,0.000,8,0.040,-0.149,4.014,0,0
6,6,5,0.00741,451.000,0.409,5,0.04557,50,49,1.960,11,4.014,0.000,8,0.040,-0.149,4.014,0,0
6,7,4,0.00671,185.000,0.356,5,0.03849,50,49,1.960,11,4.014,0.000,8,0.040,-0.149,4.014,0,0
6,8,1,0.00541,0.000,0.124,6,0.01079,50,49,1.960,11,4.014,0.000,8,0.040,-0.149,4.014,0,0
6,9,1,0.00508,0.000,0.098,6,0.01118,50,49,1.960,11,4.014,0.000,8,0.040,-0.149,4.014,0,0
6,10,4,0.00690,267.000,0.364,5,0.03775,50,49,1.960,11,4.014,0.000,8,0.040,-0.149,4.014,0,0
6,11,4,0.00535,141.000,0.128,6,0.04076,50,49,1.960,11,4.014,0.000,8,0.040,-0.149,4.014,0,0
6,12,3,0.00654,95.000,0.322,5,0.02981,50,49,1.960,11,4.014,0.000,8,0.040,-0.149,4.014,0,0
6,13,2,0.00559,138.000,0.136,6,0.01982,50,49,1.960,11,4.014,0.000,8,0.040,-0.149,4.014,0,0
6,14,1,0.00437,0.000,0.040,7,0.01168,50,49,1.960,11,4.014,0.000,8,0.040,-0.149,4.014,0,0
6,15,4,0.00585,269.000,0.148,6,0.03812,50,49,1.960,11,4.014,0.000,8,0.040,-0.149,4.014,0,0
6,16,3,0.00448,95.000,0.044,7,0.03188,50,49,1.960,11,4.014,0.000,8,0.040,-0.149,4.014,0,0
6,17,1,0.00637,0.000,0.274,5,0.01035,50,49,1.960,11,4.014,0.000,8,0.040,-0.149,4.014,0,0
6,18,1,0.00369,0.000,0.012,8,0.01203,50,49,1.960,11,4.014,0.000,8,0.040,-0.149,4.014,0,0
6,19,1,0.00637,0.000,0.274,5,0.01035,50,49,1.960,11,4.014,0.000,8,0.040,-0.149,4.014,0,0
6,20,3,0.00465,95.000,0.048,7,0.03126,50,49,1.960,11,4.014,0.000,8,0.040,-0.149,4.014,0,0
6,21,1,0.00426,0.000,0.035,7,0.01166,50,49,1.960,11,4.014,0.000,8,0.040,-0.149,4.014,0,0
6,22,2,0.00513,48.000,0.105,6,0.02149,50,49,1.960,11,4.014,0.000,8,0.040,-0.149,4.014,0,0
6,23,1,0.00637,0.000,0.274,5,0.01035,50,49,1.960,11,4.014,0.000,8,0.040,-0.149,4.014,0,0
6,24,1,0.00426,0.000,0.035,7,0.01166,50,49,1.960,11,4.014,0.000,8,0.040,-0.149,4.014,0,0
6,25,1,0.00541,0.000,0.124,6,0.01079,50,49,1.960,11,4.014,0.000,8,0.040,-0.149,4.014,0,0
6,26,2,0.00552,48.000,0.121,6,0.02082,50,49,1.960,11,4.014,0.000,8,0.040,-0.149,4.014,0,0
6,27,1,0.00437,0.000,0.040,7,0.01168,50,49,1.960,11,4.014,0.000,8,0.040,-0.149,4.014,0,0
6,28,1,0.00493,0.000,0.081,6,0.01158,50,49,1.960,11,4.014,0.000,8,0.040,-0.149,4.014,0,0
6,29,1,0.00518,0.000,0.100,6,0.01102,50,49,1.960,11,4.014,0.000,8,0.040,-0.149,4.014,0,0
6,30,2,0.00513,48.000,0.105,6,0.02149,50,49,1.960,11,4.014,0.000,8,0.040,-0.149,4.014,0,0
6,31,1,0.00412,0.000,0.029,7,0.01214,50,49,1.960,11,4.014,0.000,8,0.040,-0.149,4.014,0,0
6,32,1,0.00518,0.000,0.100,6,0.01102,50,49,1.960,11,4.014,0.000,8,0.040,-0.149,4.014,0,0
6,33,2,0.00461,48.000,0.044,7,0.02137,50,49,1.960,11,4.014,0.000,8,0.040,-0.149,4.014,0,0
6,34,1,0.00508,0.000,0.098,6,0.01118,50,49,1.960,11,4.014,0.000,8,0.040,-0.149,4.014,0,0
6,35,1,0.00498,0.000,0.088,6,0.01145,50,49,1.960,11,4.014,0.000,8,0.040,-0.149,4.014,0,0
6,36,1,0.00369,0.000,0.012,8,0.01203,50,49,1.960,11,4.014,0.000,8,0.040,-0.149,4.014,0,0
6,37,1,0.00546,0.000,0.112,6,0.01075,50,49,1.960,11,4.014,0.000,8,0.040,-0.149,4.014,0,0
6,38,1,0.00380,0.000,0.013,8,0.01186,50,49,1.960,11,4.014,0.000,8,0.040,-0.149,4.014,0,0
6,39,1,0.00637,0.000,0.274,5,0.01035,50,49,1.960,11,4.014,0.000,8,0.040,-0.149,4.014,0,0
6,40,1,0.00426,0.000,0.035,7,0.01166,50,49,1.960,11,4.014,0.000,8,0.040,-0.149,4.014,0,0
6,41,1,0.00541,0.000,0.124,6,0.01079,50,49,1.960,11,4.014,0.000,8,0.040,-0.149,4.014,0,0
6,42,1,0.00546,0.000,0.112,6,0.01075,50,49,1.960,11,4.014,0.000,8,0.040,-0.149,4.014,0,0
6,43,1,0.00498,0.000,0.088,6,0.01145,50,49,1.960,11,4.014,0.000,8,0.040,-0.149,4.014,0,0
6,44,1,0.00380,0.000,0.013,8,0.01186,50,49,1.960,11,4.014,0.000,8,0.040,-0.149,4.014,0,0
6,45,1,0.00412,0.000,0.029,7,0.01214,50,49,1.960,11,4.014,0.000,8,0.040,-0.149,4.014,0,0
6,46,1,0.00457,0.000,0.041,7,0.01110,50,49,1.960,11,4.014,0.000,8,0.040,-0.149,4.014,0,0
6,47,1,0.00508,0.000,0.098,6,0.01118,50,49,1.960,11,4.014,0.000,8,0.040,-0.149,4.014,0,0
6,48,1,0.00437,0.000,0.033,7,0.01185,50,49,1.960,11,4.014,0.000,8,0.040,-0.149,4.014,0,0
6,49,1,0.00377,0.000,0.012,8,0.01208,50,49,1.960,11,4.014,0.000,8,0.040,-0.149,4.014,0,0
6,50,1,0.00508,0.000,0.098,6,0.01118,50,49,1.960,11,4.014,0.000,8,0.040,-0.149,4.014,0,0
7,1,7,0.00714,749.000,1.000,6,0.06165,50,49,1.960,7,4.598,0.000,9,0.040,-0.222,4.598,0,0
7,2,6,0.00746,833.000,0.786,5,0.05217,50,49,1.960,7,4.598,0.000,9,0.040,-0.222,4.598,0,0
7,3,3,0.00549,140.000,0.388,7,0.02932,50,49,1.960,7,4.598,0.000,9,0.040,-0.222,4.598,0,0
7,4,3,0.00617,399.000,0.318,5,0.02771,50,49,1.960,7,4.598,0.000,9,0.040,-0.222,4.598,0,0
7,5,5,0.00617,422.000,0.440,6,0.04576,50,49,1.960,7,4.598,0.000,9,0.040,-0.222,4.598,0,0
7,6,1,0.00549,0.000,0.243,6,0.01039,50,49,1.960,7,4.598,0.000,9,0.040,-0.222,4.598,0,0
7,7,4,0.00515,341.000,0.144,6,0.03811,50,49,1.960,7,4.598,0.000,9,0.040,-0.222,4.598,0,0
7,8,2,0.00556,48.000,0.269,6,0.02026,50,49,1.960,7,4.598,0.000,9,0.040,-0.222,4.598,0,0
7,9,2,0.00439,48.000,0.133,8,0.02169,50,49,1.960,7,4.598,0.000,9,0.040,-0.222,4.598,0,0
7,10,1,0.00476,0.000,0.136,7,0.01078,50,49,1.960,7,4.598,0.000,9,0.040,-0.222,4.598,0,0
7,11,1,0.00476,0.000,0.099,6,0.01085,50,49,1.960,7,4.598,0.000,9,0.040,-0.222,4.598,0,0
7,12,5,0.00562,229.000,0.510,7,0.04815,50,49,1.960,7,4.598,0.000,9,0.040,-0.222,4.598,0,0
7,13,4,0.00495,185.000,0.194,7,0.03935,50,49,1.960,7,4.598,0.000,9,0.040,-0.222,4.598,0,0
7,14,1,0.00442,0.000,0.158,8,0.01118,50,49,1.960,7,4.598,0.000,9,0.040,-0.222,4.598,0,0
7,15,2,0.00556,48.000,0.269,6,0.02026,50,49,1.960,7,4.598,0.000,9,0.040,-0.222,4.598,0,0
7,16,1,0.00439,0.000,0.083,7,0.01161,50,49,1.960,7,4.598,0.000,9,0.040,-0.222,4.598,0,0
7,17,6,0.00575,313.000,0.618,7,0.05669,50,49,1.960,7,4.598,0.000,9,0.040,-0.222,4.598,0,0
7,18,1,0.00450,0.000,0.191,8,0.01103,50,49,1.960,7,4.598,0.000,9,0.040,-0.222,4.598,0,0
7,19,1,0.00413,0.000,0.045,7,0.01110,50,49,1.960,7,4.598,0.000,9,0.040,-0.222,4.598,0,0
7,20,1,0.00400,0.000,0.060,8,0.01136,50,49,1.960,7,4.598,0.000,9,0.040,-0.222,4.598,0,0
7,21,1,0.00532,0.000,0.310,7,0.01049,50,49,1.960,7,4.598,0.000,9,0.040,-0.222,4.598,0,0
7,22,1,0.00476,0.000,0.136,7,0.01078,50,49,1.960,7,4.598,0.000,9,0.040,-0.222,4.598,0,0
7,23,1,0.00439,0.000,0.083,7,0.01161,50,49,1.960,7,4.598,0.000,9,0.040,-0.222,4.598,0,0
7,24,1,0.00442,0.000,0.158,8,0.01118,50,49,1.960,7,4.598,0.000,9,0.040,-0.222,4.598,0,0
7,25,3,0.00431,224.000,0.058,7,0.02961,50,49,1.960,7,4.598,0.000,9,0.040,-0.222,4.598,0,0
7,26,3,0.00485,95.000,0.168,7,0.03063,50,49,1.960,7,4.598,0.000,9,0.040,-0.222,4.598,0,0
7,27,1,0.00532,0.000,0.310,7,0.01049,50,49,1.960,7,4.598,0.000,9,0.040,-0.222,4.598,0,0
7,28,4,0.00365,141.000,0.025,8,0.04156,50,49,1.960,7,4.598,0.000,9,0.040,-0.222,4.598,0,0
7,29,1,0.00413,0.000,0.045,7,0.01110,50,49,1.960,7,4.598,0.000,9,0.040,-0.222,4.598,0,0
7,30,1,0.00357,0.000,0.018,8,0.01139,50,49,1.960,7,4.598,0.000,9,0.040,-0.222,4.598,0,0
7,31,2,0.00455,48.000,0.212,8,0.02126,50,49,1.960,7,4.598,0.000,9,0.040,-0.222,4.598,0,0
7,32,1,0.00442,0.000,0.158,8,0.01118,50,49,1.960,7,4.598,0.000,9,0.040,-0.222,4.598,0,0
7,33,2,0.00455,48.000,0.212,8,0.02126,50,49,1.960,7,4.598,0.000,9,0.040,-0.222,4.598,0,0
7,34,2,0.00403,48.000,0.066,8,0.02178,50,49,1.960,7,4.598,0.000,9,0.040,-0.222,4.598,0,0
7,35,1,0.00435,0.000,0.120,8,0.01131,50,49,1.960,7,4.598,0.000,9,0.040,-0.222,4.598,0,0
7,36,1,0.00311,0.000,0.008,9,0.01183,50,49,1.960,7,4.598,0.000,9,0.040,-0.222,4.598,0,0
7,37,1,0.00338,0.000,0.021,9,0.01226,50,49,1.960,7,4.598,0.000,9,0.040,-0.222,4.598,0,0
7,38,1,0.00373,0.000,0.066,9,0.01204,50,49,1.960,7,4.598,0.000,9,0.040,-0.222,4.598,0,0
7,39,1,0.00394,0.000,0.052,8,0.01168,50,49,1.960,7,4.598,0.000,9,0.040,-0.222,4.598,0,0
7,40,1,0.00311,0.000,0.008,9,0.01183,50,49,1.960,7,4.598,0.000,9,0.040,-0.222,4.598,0,0
7,41,1,0.00400,0.000,0.060,8,0.01136,50,49,1.960,7,4.598,0.000,9,0.040,-0.222,4.598,0,0
7,42,1,0.00450,0.000,0.191,8,0.01103,50,49,1.960,7,4.598,0.000,9,0.040,-0.222,4.598,0,0
7,43,2,0.00446,48.000,0.175,8,0.02150,50,49,1.960,7,4.598,0.000,9,0.040,-0.222,4.598,0,0
7,44,1,0.00311,0.000,0.008,9,0.01183,50,49,1.960,7,4.598,0.000,9,0.040,-0.222,4.598,0,0
7,45,1,0.00368,0.000,0.054,9,0.01214,50,49,1.960,7,4.598,0.000,9,0.040,-0.222,4.598,0,0
7,46,1,0.00532,0.000,0.310,7,0.01049,50,49,1.960,7,4.598,0.000,9,0.040,-0.222,4.598,0,0
7,47,1,0.00450,0.000,0.191,8,0.01103,50,49,1.960,7,4.598,0.000,9,0.040,-0.222,4.598,0,0
7,48,1,0.00362,0.000,0.041,9,0.01222,50,49,1.960,7,4.598,0.000,9,0.040,-0.222,4.598,0,0
7,49,1,0.00373,0.000,0.066,9,0.01204,50,49,1.960,7,4.598,0.000,9,0.040,-0.222,4.598,0,0
7,50,1,0.00394,0.000,0.052,8,0.01168,50,49,1.960,7,4.598,0.000,9,0.040,-0.222,4.598,0,0
8,1,2,0.00498,48.000,0.134,6,0.02080,50,49,1.960,10,4.476,0.000,9,0.040,-0.318,4.476,0,0
8,2,4,0.00645,413.000,0.414,5,0.03640,50,49,1.960,10,4.476,0.000,9,0.040,-0.318,4.476,0,0
8,3,9,0.00787,959.000,1.000,5,0.07738,50,49,1.960,10,4.476,0.000,9,0.040,-0.318,4.476,0,0
8,4,3,0.00524,263.000,0.151,6,0.02868,50,49,1.960,10,4.476,0.000,9,0.040,-0.318,4.476,0,0
8,5,2,0.00690,510.000,0.578,6,0.01815,50,49,1.960,10,4.476,0.000,9,0.040,-0.318,4.476,0,0
8,6,3,0.00433,183.000,0.055,7,0.02996,50,49,1.960,10,4.476,0.000,9,0.040,-0.318,4.476,0,0
8,7,10,0.00606,575.000,0.964,7,0.09220,50,49,1.960,10,4.476,0.000,9,0.040,-0.318,4.476,0,0
8,8,4,0.00613,269.000,0.413,6,0.03734,50,49,1.960,10,4.476,0.000,9,0.040,-0.318,4.476,0,0
8,9,5,0.00606,229.000,0.457,6,0.04775,50,49,1.960,10,4.476,0.000,9,0.040,-0.318,4.476,0,0
8,10,3,0.00478,95.000,0.343,8,0.03075,50,49,1.960,10,4.476,0.000,9,0.040,-0.318,4.476,0,0
8,11,2,0.00585,94.000,0.325,6,0.01952,50,49,1.960,10,4.476,0.000,9,0.040,-0.318,4.476,0,0
8,12,1,0.00571,0.000,0.294,6,0.01031,50,49,1.960,10,4.476,0.000,9,0.040,-0.318,4.476,0,0
8,13,2,0.00478,48.000,0.133,7,0.02111,50,49,1.960,10,4.476,0.000,9,0.040,-0.318,4.476,0,0
8,14,2,0.00585,94.000,0.325,6,0.01952,50,49,1.960,10,4.476,0.000,9,0.040,-0.318,4.476,0,0
8,15,1,0.00469,0.000,0.284,8,0.01084,50,49,1.960,10,4.476,0.000,9,0.040,-0.318,4.476,0,0
8,16,2,0.00461,48.000,0.105,7,0.02168,50,49,1.960,10,4.476,0.000,9,0.040,-0.318,4.476,0,0
8,17,1,0.00474,0.000,0.122,7,0.01093,50,49,1.960,10,4.476,0.000,9,0.040,-0.318,4.476,0,0
8,18,1,0.00418,0.000,0.045,7,0.01113,50,49,1.960,10,4.476,0.000,9,0.040,-0.318,4.476,0,0
8,19,1,0.00469,0.000,0.284,8,0.01084,50,49,1.960,10,4.476,0.000,9,0.040,-0.318,4.476,0,0
8,20,2,0.00474,48.000,0.311,8,0.02096,50,49,1.960,10,4.476,0.000,9,0.040,-0.318,4.476,0,0
8,21,1,0.00389,0.000,0.039,8,0.01197,50,49,1.960,10,4.476,0.000,9,0.040,-0.318,4.476,0,0
8,22,2,0.00461,48.000,0.105,7,0.02168,50,49,1.960,10,4.476,0.000,9,0.040,-0.318,4.476,0,0
8,23,1,0.00571,0.000,0.294,6,0.01031,50,49,1.960,10,4.476,0.000,9,0.040,-0.318,4.476,0,0
8,24,3,0.00364,95.000,0.020,8,0.03200,50,49,1.960,10,4.476,0.000,9,0.040,-0.318,4.476,0,0
8,25,1,0.00389,0.000,0.101,9,0.01171,50,49,1.960,10,4.476,0.000,9,0.040,-0.318,4.476,0,0
8,26,3,0.00483,95.000,0.147,7,0.03093,50,49,1.960,10,4.476,0.000,9,0.040,-0.318,4.476,0,0
8,27,1,0.00493,0.000,0.122,6,0.01073,50,49,1.960,10,4.476,0.000,9,0.040,-0.318,4.476,0,0
8,28,2,0.00474,48.000,0.311,8,0.02096,50,49,1.960,10,4.476,0.000,9,0.040,-0.318,4.476,0,0
8,29,1,0.00377,0.000,0.031,8,0.01221,50,49,1.960,10,4.476,0.000,9,0.040,-0.318,4.476,0,0
8,30,1,0.00392,0.000,0.043,8,0.01176,50,49,1.960,10,4.476,0.000,9,0.040,-0.318,4.476,0,0
8,31,1,0.00469,0.000,0.284,8,0.01084,50,49,1.960,10,4.476,0.000,9,0.040,-0.318,4.476,0,0
8,32,2,0.00474,48.000,0.311,8,0.02096,50,49,1.960,10,4.476,0.000,9,0.040,-0.318,4.476,0,0
8,33,1,0.00358,0.000,0.016,8,0.01149,50,49,1.960,10,4.476,0.000,9,0.040,-0.318,4.476,0,0
8,34,1,0.00392,0.000,0.043,8,0.01176,50,49,1.960,10,4.476,0.000,9,0.040,-0.318,4.476,0,0
8,35,1,0.00386,0.000,0.091,9,0.01191,50,49,1.960,10,4.476,0.000,9,0.040,-0.318,4.476,0,0
8,36,1,0.00310,0.000,0.006,9,0.01207,50,49,1.960,10,4.476,0.000,9,0.040,-0.318,4.476,0,0
8,37,1,0.00469,0.000,0.134,7,0.01112,50,49,1.960,10,4.476,0.000,9,0.040,-0.318,4.476,0,0
8,38,1,0.00386,0.000,0.091,9,0.01191,50,49,1.960,10,4.476,0.000,9,0.040,-0.318,4.476,0,0
8,39,2,0.00474,48.000,0.147,7,0.02140,50,49,1.960,10,4.476,0.000,9,0.040,-0.318,4.476,0,0
8,40,1,0.00389,0.000,0.101,9,0.01171,50,49,1.960,10,4.476,0.000,9,0.040,-0.318,4.476,0,0
8,41,1,0.00469,0.000,0.134,7,0.01112,50,49,1.960,10,4.476,0.000,9,0.040,-0.318,4.476,0,0
8,42,1,0.00469,0.000,0.284,8,0.01084,50,49,1.960,10,4.476,0.000,9,0.040,-0.318,4.476,0,0
8,43,1,0.00310,0.000,0.006,9,0.01207,50,49,1.960,10,4.476,0.000,9,0.040,-0.318,4.476,0,0
8,44,1,0.00469,0.000,0.134,7,0.01112,50,49,1.960,10,4.476,0.000,9,0.040,-0.318,4.476,0,0
8,45,1,0.00386,0.000,0.091,9,0.01191,50,49,1.960,10,4.476,0.000,9,0.040,-0.318,4.476,0,0
8,46,1,0.00386,0.000,0.043,8,0.01209,50,49,1.960,10,4.476,0.000,9,0.040,-0.318,4.476,0,0
8,47,1,0.00469,0.000,0.284,8,0.01084,50,49,1.960,10,4.476,0.000,9,0.040,-0.318,4.476,0,0
8,48,1,0.00402,0.000,0.039,7,0.01184,50,49,1.960,10,4.476,0.000,9,0.040,-0.318,4.476,0,0
8,49,1,0.00571,0.000,0.294,6,0.01031,50,49,1.960,10,4.476,0.000,9,0.040,-0.318,4.476,0,0
8,50,1,0.00377,0.000,0.031,8,0.01221,50,49,1.960,10,4.476,0.000,9,0.040,-0.318,4.476,0,0
9,1,4,0.00704,103.870,0.227,5,0.02035,50,121,4.840,9,2.704,0.123,7,0.099,0.102,2.704,69,3
9,2,3,0.00704,5.954,0.308,5,0.01310,50,121,4.840,9,2.704,0.123,7,0.099,0.102,2.704,69,3
9,3,3,0.00730,13.493,0.274,4,0.01356,50,121,4.840,9,2.704,0.123,7,0.099,0.102,2.704,69,3
9,4,4,0.00714,36.192,0.252,6,0.01860,50,121,4.840,9,2.704,0.123,7,0.099,0.102,2.704,69,3
9,5,3,0.00746,4.542,0.350,5,0.01288,50,121,4.840,9,2.704,0.123,7,0.099,0.102,2.704,69,3
9,6,8,0.00935,108.981,0.917,5,0.03031,50,121,4.840,9,2.704,0.123,7,0.099,0.102,2.704,69,3
9,7,6,0.00833,36.306,0.677,4,0.02281,50,121,4.840,9,2.704,0.123,7,0.099,0.102,2.704,69,3
9,8,2,0.00532,48.000,0.040,6,0.01546,50,121,4.840,9,2.704,0.123,7,0.099,0.102,2.704,69,3
9,9,8,0.00870,89.472,0.869,5,0.02995,50,121,4.840,9,2.704,0.123,7,0.099,0.102,2.704,69,3
9,10,2,0.00694,6.023,0.186,5,0.01015,50,121,4.840,9,2.704,0.123,7,0.099,0.102,2.704,69,3
9,11,4,0.00741,48.337,0.286,4,0.01780,50,121,4.840,9,2.704,0.123,7,0.099,0.102,2.704,69,3
9,12,8,0.00870,75.347,0.880,5,0.02962,50,121,4.840,9,2.704,0.123,7,0.099,0.102,2.704,69,3
9,13,6,0.00833,44.554,0.598,5,0.02343,50,121,4.840,9,2.704,0.123,7,0.099,0.102,2.704,69,3
9,14,4,0.00741,21.025,0.297,5,0.01707,50,121,4.840,9,2.704,0.123,7,0.099,0.102,2.704,69,3
9,15,8,0.00901,112.475,0.814,5,0.03134,50,121,4.840,9,2.704,0.123,7,0.099,0.102,2.704,69,3
9,16,5,0.00794,25.790,0.447,4,0.02008,50,121,4.840,9,2.704,0.123,7,0.099,0.102,2.704,69,3
9,17,6,0.00840,92.552,0.527,4,0.02444,50,121,4.840,9,2.704,0.123,7,0.099,0.102,2.704,69,3
9,18,6,0.00813,29.133,0.744,5,0.02259,50,121,4.840,9,2.704,0.123,7,0.099,0.102,2.704,69,3
9,19,1,0.00629,0.000,0.125,6,0.00652,50,121,4.840,9,2.704,0.123,7,0.099,0.102,2.704,69,3
9,20,7,0.00855,59.153,0.625,4,0.02722,50,121,4.840,9,2.704,0.123,7,0.099,0.102,2.704,69,3
9,21,2,0.00613,2.611,0.172,7,0.01029,50,121,4.840,9,2.704,0.123,7,0.099,0.102,2.704,69,3
9,22,6,0.00813,35.568,0.672,4,0.02294,50,121,4.840,9,2.704,0.123,7,0.099,0.102,2.704,69,3
9,23,5,0.00813,51.349,0.397,5,0.02069,50,121,4.840,9,2.704,0.123,7,0.099,0.102,2.704,69,3
9,24,8,0.00926,119.330,0.807,4,0.03068,50,121,4.840,9,2.704,0.123,7,0.099,0.102,2.704,69,3
9,25,1,0.00424,0.000,0.007,7,0.00957,50,121,4.840,9,2.704,0.123,7,0.099,0.102,2.704,69,3
9,26,3,0.00704,6.517,0.329,6,0.01311,50,121,4.840,9,2.704,0.123,7,0.099,0.102,2.704,69,3
9,27,5,0.00826,47.858,0.494,4,0.02002,50,121,4.840,9,2.704,0.123,7,0.099,0.102,2.704,69,3
9,28,6,0.00775,33.781,0.616,6,0.02367,50,121,4.840,9,2.704,0.123,7,0.099,0.102,2.704,69,3
9,29,6,0.00847,53.139,0.666,5,0.02312,50,121,4.840,9,2.704,0.123,7,0.099,0.102,2.704,69,3
9,30,4,0.00787,13.127,0.511,5,0.01612,50,121,4.840,9,2.704,0.123,7,0.099,0.102,2.704,69,3
9,31,9,0.00877,92.401,1.000,6,0.03382,50,121,4.840,9,2.704,0.123,7,0.099,0.102,2.704,69,3
9,32,6,0.00826,39.478,0.567,5,0.02357,50,121,4.840,9,2.704,0.123,7,0.099,0.102,2.704,69,3
9,33,3,0.00680,17.101,0.164,6,0.01434,50,121,4.840,9,2.704,0.123,7,0.099,0.102,2.704,69,3
9,34,6,0.00855,67.536,0.674,4,0.02324,50,121,4.840,9,2.704,0.123,7,0.099,0.102,2.704,69,3
9,35,5,0.00833,25.180,0.703,5,0.01901,50,121,4.840,9,2.704,0.123,7,0.099,0.102,2.704,69,3
9,36,6,0.00800,57.347,0.746,6,0.02352,50,121,4.840,9,2.704,0.123,7,0.099,0.102,2.704,69,3
9,37,4,0.00730,30.574,0.399,6,0.01782,50,121,4.840,9,2.704,0.123,7,0.099,0.102,2.704,69,3
9,38,7,0.00885,53.411,0.863,5,0.02604,50,121,4.840,9,2.704,0.123,7,0.099,0.102,2.704,69,3
9,39,6,0.00763,28.374,0.649,4,0.02311,50,121,4.840,9,2.704,0.123,7,0.099,0.102,2.704,69,3
9,40,4,0.00741,33.213,0.261,5,0.01797,50,121,4.840,9,2.704,0.123,7,0.099,0.102,2.704,69,3
9,41,5,0.00741,39.733,0.406,6,0.02122,50,121,4.840,9,2.704,0.123,7,0.099,0.102,2.704,69,3
9,42,3,0.00709,16.857,0.253,6,0.01407,50,121,4.840,9,2.704,0.123,7,0.099,0.102,2.704,69,3
9,43,3,0.00699,5.952,0.290,6,0.01315,50,121,4.840,9,2.704,0.123,7,0.099,0.102,2.704,69,3
9,44,4,0.00719,24.421,0.251,5,0.01805,50,121,4.840,9,2.704,0.123,7,0.099,0.102,2.704,69,3
9,45,7,0.00901,100.434,0.721,5,0.02898,50,121,4.840,9,2.704,0.123,7,0.099,0.102,2.704,69,3
9,46,5,0.00826,29.285,0.570,5,0.01970,50,121,4.840,9,2.704,0.123,7,0.099,0.102,2.704,69,3
9,47,5,0.00752,44.828,0.461,4,0.02080,50,121,4.840,9,2.704,0.123,7,0.099,0.102,2.704,69,3
9,48,3,0.00775,5.727,0.410,5,0.01279,50,121,4.840,9,2.704,0.123,7,0.099,0.102,2.704,69,3
9,49,2,0.00588,1.808,0.139,7,0.01039,50,121,4.840,9,2.704,0.123,7,0.099,0.102,2.704,69,3
9,50,5,0.00813,48.862,0.445,5,0.02090,50,121,4.840,9,2.704,0.123,7,0.099,0.102,2.704,69,3
10,1,6,0.00730,42.197,0.714,5,0.02606,50,102,4.080,8,2.909,0.107,6,0.083,0.036,2.909,42,3
10,2,4,0.00690,71.549,0.114,5,0.02192,50,102,4.080,8,2.909,0.107,6,0.083,0.036,2.909,42,3
10,3,3,0.00690,47.836,0.198,5,0.01635,50,102,4.080,8,2.909,0.107,6,0.083,0.036,2.909,42,3
10,4,5,0.00787,63.683,0.339,4,0.02356,50,102,4.080,8,2.909,0.107,6,0.083,0.036,2.909,42,3
10,5,3,0.00719,17.770,0.291,5,0.01464,50,102,4.080,8,2.909,0.107,6,0.083,0.036,2.909,42,3
10,6,3,0.00699,23.784,0.203,5,0.01559,50,102,4.080,8,2.909,0.107,6,0.083,0.036,2.909,42,3
10,7,7,0.00763,61.103,0.783,5,0.02979,50,102,4.080,8,2.909,0.107,6,0.083,0.036,2.909,42,3
10,8,3,0.00649,16.714,0.274,5,0.01483,50,102,4.080,8,2.909,0.107,6,0.083,0.036,2.909,42,3
10,9,8,0.00870,163.555,0.611,4,0.03583,50,102,4.080,8,2.909,0.107,6,0.083,0.036,2.909,42,3
10,10,7,0.00800,104.356,0.506,5,0.03163,50,102,4.080,8,2.909,0.107,6,0.083,0.036,2.909,42,3
10,11,3,0.00680,9.489,0.329,5,0.01441,50,102,4.080,8,2.909,0.107,6,0.083,0.036,2.909,42,3
10,12,4,0.00847,50.400,0.486,4,0.01821,50,102,4.080,8,2.909,0.107,6,0.083,0.036,2.909,42,3
10,13,4,0.00741,59.891,0.213,4,0.02029,50,102,4.080,8,2.909,0.107,6,0.083,0.036,2.909,42,3
10,14,4,0.00725,29.571,0.436,5,0.01841,50,102,4.080,8,2.909,0.107,6,0.083,0.036,2.909,42,3
10,15,8,0.00806,84.699,1.000,5,0.03321,50,102,4.080,8,2.909,0.107,6,0.083,0.036,2.909,42,3
10,16,8,0.00855,167.159,0.487,4,0.03759,50,102,4.080,8,2.909,0.107,6,0.083,0.036,2.909,42,3
10,17,3,0.00633,27.572,0.066,5,0.01725,50,102,4.080,8,2.909,0.107,6,0.083,0.036,2.909,42,3
10,18,2,0.00610,4.850,0.186,5,0.01163,50,102,4.080,8,2.909,0.107,6,0.083,0.036,2.909,42,3
10,19,4,0.00763,46.554,0.265,4,0.01933,50,102,4.080,8,2.909,0.107,6,0.083,0.036,2.909,42,3
10,20,1,0.00467,0.000,0.012,6,0.00854,50,102,4.080,8,2.909,0.107,6,0.083,0.036,2.909,42,3
10,21,5,0.00763,94.225,0.253,4,0.02485,50,102,4.080,8,2.909,0.107,6,0.083,0.036,2.909,42,3
10,22,6,0.00840,99.536,0.498,4,0.02720,50,102,4.080,8,2.909,0.107,6,0.083,0.036,2.909,42,3
10,23,4,0.00763,27.685,0.464,4,0.01876,50,102,4.080,8,2.909,0.107,6,0.083,0.036,2.909,42,3
10,24,3,0.00662,44.120,0.118,5,0.01751,50,102,4.080,8,2.909,0.107,6,0.083,0.036,2.909,42,3
10,25,2,0.00637,5.511,0.091,5,0.01154,50,102,4.080,8,2.909,0.107,6,0.083,0.036,2.909,42,3
10,26,2,0.00602,8.450,0.083,5,0.01200,50,102,4.080,8,2.909,0.107,6,0.083,0.036,2.909,42,3
10,27,3,0.00613,31.758,0.053,5,0.01789,50,102,4.080,8,2.909,0.107,6,0.083,0.036,2.909,42,3
10,28,6,0.00820,73.535,0.741,4,0.02670,50,102,4.080,8,2.909,0.107,6,0.083,0.036,2.909,42,3
10,29,3,0.00709,32.340,0.208,4,0.01564,50,102,4.080,8,2.909,0.107,6,0.083,0.036,2.909,42,3
10,30,5,0.00690,28.221,0.557,5,0.02225,50,102,4.080,8,2.909,0.107,6,0.083,0.036,2.909,42,3
10,31,5,0.00775,48.829,0.328,4,0.02314,50,102,4.080,8,2.909,0.107,6,0.083,0.036,2.909,42,3
10,32,3,0.00602,54.475,0.063,5,0.01955,50,102,4.080,8,2.909,0.107,6,0.083,0.036,2.909,42,3
10,33,4,0.00725,53.233,0.244,5,0.02055,50,102,4.080,8,2.909,0.107,6,0.083,0.036,2.909,42,3
10,34,8,0.00877,172.992,0.811,5,0.03518,50,102,4.080,8,2.909,0.107,6,0.083,0.036,2.909,42,3
10,35,3,0.00625,1.042,0.458,6,0.01393,50,102,4.080,8,2.909,0.107,6,0.083,0.036,2.909,42,3
10,36,4,0.00719,43.025,0.240,5,0.01964,50,102,4.080,8,2.909,0.107,6,0.083,0.036,2.909,42,3
10,37,2,0.00565,5.500,0.064,6,0.01281,50,102,4.080,8,2.909,0.107,6,0.083,0.036,2.909,42,3
10,38,6,0.00794,63.826,0.388,4,0.02737,50,102,4.080,8,2.909,0.107,6,0.083,0.036,2.909,42,3
10,39,2,0.00658,3.275,0.171,5,0.01106,50,102,4.080,8,2.909,0.107,6,0.083,0.036,2.909,42,3
10,40,4,0.00685,78.685,0.095,5,0.02184,50,102,4.080,8,2.909,0.107,6,0.083,0.036,2.909,42,3
10,41,3,0.00645,33.175,0.208,6,0.01713,50,102,4.080,8,2.909,0.107,6,0.083,0.036,2.909,42,3
10,42,3,0.00714,20.113,0.219,5,0.01518,50,102,4.080,8,2.909,0.107,6,0.083,0.036,2.909,42,3
10,43,4,0.00763,31.462,0.389,5,0.01913,50,102,4.080,8,2.909,0.107,6,0.083,0.036,2.909,42,3
10,44,3,0.00676,32.396,0.159,5,0.01590,50,102,4.080,8,2.909,0.107,6,0.083,0.036,2.909,42,3
10,45,3,0.00694,7.692,0.237,5,0.01477,50,102,4.080,8,2.909,0.107,6,0.083,0.036,2.909,42,3
10,46,5,0.00746,37.589,0.557,5,0.02227,50,102,4.080,8,2.909,0.107,6,0.083,0.036,2.909,42,3
10,47,5,0.00752,72.472,0.358,6,0.02421,50,102,4.080,8,2.909,0.107,6,0.083,0.036,2.909,42,3
10,48,3,0.00676,9.292,0.210,5,0.01493,50,102,4.080,8,2.909,0.107,6,0.083,0.036,2.909,42,3
10,49,2,0.00588,7.958,0.058,5,0.01243,50,102,4.080,8,2.909,0.107,6,0.083,0.036,2.909,42,3
10,50,3,0.00699,22.858,0.182,5,0.01558,50,102,4.080,8,2.909,0.107,6,0.083,0.036,2.909,42,3
11,1,5,0.00820,13.933,0.443,4,0.01818,50,134,5.360,10,2.502,0.145,6,0.109,-0.025,2.502,105,3
11,2,2,0.00690,0.833,0.141,5,0.00933,50,134,5.360,10,2.502,0.145,6,0.109,-0.025,2.502,105,3
11,3,1,0.00606,0.000,0.054,6,0.00652,50,134,5.360,10,2.502,0.145,6,0.109,-0.025,2.502,105,3
11,4,4,0.00787,16.129,0.395,4,0.01525,50,134,5.360,10,2.502,0.145,6,0.109,-0.025,2.502,105,3
11,5,2,0.00676,5.657,0.148,5,0.01016,50,134,5.360,10,2.502,0.145,6,0.109,-0.025,2.502,105,3
11,6,10,0.00962,110.244,0.778,4,0.03481,50,134,5.360,10,2.502,0.145,6,0.109,-0.025,2.502,105,3
11,7,10,0.00990,84.166,1.000,3,0.03338,50,134,5.360,10,2.502,0.145,6,0.109,-0.025,2.502,105,3
11,8,4,0.00775,8.350,0.293,4,0.01544,50,134,5.360,10,2.502,0.145,6,0.109,-0.025,2.502,105,3
11,9,6,0.00862,28.916,0.589,4,0.02109,50,134,5.360,10,2.502,0.145,6,0.109,-0.025,2.502,105,3
11,10,4,0.00833,9.225,0.427,4,0.01492,50,134,5.360,10,2.502,0.145,6,0.109,-0.025,2.502,105,3
11,11,6,0.00877,34.643,0.545,4,0.02171,50,134,5.360,10,2.502,0.145,6,0.109,-0.025,2.502,105,3
11,12,9,0.00885,64.079,0.708,5,0.03126,50,134,5.360,10,2.502,0.145,6,0.109,-0.025,2.502,105,3
11,13,9,0.00980,93.812,0.830,4,0.03117,50,134,5.360,10,2.502,0.145,6,0.109,-0.025,2.502,105,3
11,14,3,0.00735,18.788,0.176,5,0.01358,50,134,5.360,10,2.502,0.145,6,0.109,-0.025,2.502,105,3
11,15,9,0.00943,108.226,0.793,4,0.03164,50,134,5.360,10,2.502,0.145,6,0.109,-0.025,2.502,105,3
11,16,4,0.00826,12.900,0.403,4,0.01530,50,134,5.360,10,2.502,0.145,6,0.109,-0.025,2.502,105,3
11,17,3,0.00746,5.830,0.274,5,0.01214,50,134,5.360,10,2.502,0.145,6,0.109,-0.025,2.502,105,3
11,18,3,0.00781,10.607,0.275,4,0.01224,50,134,5.360,10,2.502,0.145,6,0.109,-0.025,2.502,105,3
11,19,4,0.00806,10.540,0.347,5,0.01521,50,134,5.360,10,2.502,0.145,6,0.109,-0.025,2.502,105,3
11,20,4,0.00781,20.810,0.266,4,0.01624,50,134,5.360,10,2.502,0.145,6,0.109,-0.025,2.502,105,3
11,21,7,0.00901,47.543,0.617,4,0.02455,50,134,5.360,10,2.502,0.145,6,0.109,-0.025,2.502,105,3
11,22,7,0.00893,23.690,0.743,4,0.02383,50,134,5.360,10,2.502,0.145,6,0.109,-0.025,2.502,105,3
11,23,3,0.00763,18.908,0.243,4,0.01316,50,134,5.360,10,2.502,0.145,6,0.109,-0.025,2.502,105,3
11,24,8,0.00952,70.979,0.738,4,0.02758,50,134,5.360,10,2.502,0.145,6,0.109,-0.025,2.502,105,3
11,25,3,0.00763,3.526,0.259,4,0.01228,50,134,5.360,10,2.502,0.145,6,0.109,-0.025,2.502,105,3
11,26,5,0.00826,39.266,0.315,4,0.01963,50,134,5.360,10,2.502,0.145,6,0.109,-0.025,2.502,105,3
11,27,7,0.00885,53.974,0.494,4,0.02579,50,134,5.360,10,2.502,0.145,6,0.109,-0.025,2.502,105,3
11,28,3,0.00690,10.950,0.116,4,0.01364,50,134,5.360,10,2.502,0.145,6,0.109,-0.025,2.502,105,3
11,29,8,0.00952,80.586,0.640,3,0.02820,50,134,5.360,10,2.502,0.145,6,0.109,-0.025,2.502,105,3
11,30,7,0.00870,70.449,0.470,5,0.02631,50,134,5.360,10,2.502,0.145,6,0.109,-0.025,2.502,105,3
11,31,8,0.00935,79.303,0.717,4,0.02835,50,134,5.360,10,2.502,0.145,6,0.109,-0.025,2.502,105,3
11,32,5,0.00820,22.222,0.404,5,0.01856,50,134,5.360,10,2.502,0.145,6,0.109,-0.025,2.502,105,3
11,33,6,0.00893,29.871,0.593,4,0.02111,50,134,5.360,10,2.502,0.145,6,0.109,-0.025,2.502,105,3
11,34,6,0.00855,82.894,0.349,5,0.02483,50,134,5.360,10,2.502,0.145,6,0.109,-0.025,2.502,105,3
11,35,3,0.00714,2.070,0.246,5,0.01227,50,134,5.360,10,2.502,0.145,6,0.109,-0.025,2.502,105,3
11,36,4,0.00704,55.426,0.243,5,0.01953,50,134,5.360,10,2.502,0.145,6,0.109,-0.025,2.502,105,3
11,37,6,0.00877,41.681,0.580,4,0.02147,50,134,5.360,10,2.502,0.145,6,0.109,-0.025,2.502,105,3
11,38,6,0.00855,42.150,0.494,4,0.02175,50,134,5.360,10,2.502,0.145,6,0.109,-0.025,2.502,105,3
11,39,4,0.00833,9.395,0.459,4,0.01485,50,134,5.360,10,2.502,0.145,6,0.109,-0.025,2.502,105,3
11,40,3,0.00752,15.436,0.200,5,0.01332,50,134,5.360,10,2.502,0.145,6,0.109,-0.025,2.502,105,3
11,41,8,0.00943,63.764,0.766,4,0.02779,50,134,5.360,10,2.502,0.145,6,0.109,-0.025,2.502,105,3
11,42,8,0.00943,50.386,0.770,4,0.02708,50,134,5.360,10,2.502,0.145,6,0.109,-0.025,2.502,105,3
11,43,2,0.00676,3.892,0.110,5,0.00992,50,134,5.360,10,2.502,0.145,6,0.109,-0.025,2.502,105,3
11,44,5,0.00820,15.794,0.458,4,0.01825,50,134,5.360,10,2.502,0.145,6,0.109,-0.025,2.502,105,3
11,45,8,0.00926,64.681,0.561,4,0.02843,50,134,5.360,10,2.502,0.145,6,0.109,-0.025,2.502,105,3
11,46,8,0.00952,46.615,0.855,4,0.02711,50,134,5.360,10,2.502,0.145,6,0.109,-0.025,2.502,105,3
11,47,6,0.00870,47.641,0.603,4,0.02221,50,134,5.360,10,2.502,0.145,6,0.109,-0.025,2.502,105,3
11,48,1,0.00526,0.000,0.037,6,0.00715,50,134,5.360,10,2.502,0.145,6,0.109,-0.025,2.502,105,3
11,49,7,0.00901,75.741,0.421,4,0.02634,50,134,5.360,10,2.502,0.145,6,0.109,-0.025,2.502,105,3
11,50,4,0.00813,13.477,0.380,4,0.01515,50,134,5.360,10,2.502,0.145,6,0.109,-0.025,2.502,105,3
12,1,7,0.00617,61.657,0.528,3,0.02718,50,125,5.000,10,2.545,0.131,5,0.102,0.029,2.545,81,3
12,2,6,0.00595,42.715,0.452,4,0.02312,50,125,5.000,10,2.545,0.131,5,0.102,0.029,2.545,81,3
12,3,8,0.00645,75.653,0.812,4,0.02983,50,125,5.000,10,2.545,0.131,5,0.102,0.029,2.545,81,3
12,4,3,0.00556,8.167,0.252,4,0.01294,50,125,5.000,10,2.545,0.131,5,0.102,0.029,2.545,81,3
12,5,6,0.00629,69.434,0.494,4,0.02340,50,125,5.000,10,2.545,0.131,5,0.102,0.029,2.545,81,3
12,6,6,0.00595,27.652,0.503,4,0.02283,50,125,5.000,10,2.545,0.131,5,0.102,0.029,2.545,81,3
12,7,5,0.00606,14.888,0.617,4,0.01887,50,125,5.000,10,2.545,0.131,5,0.102,0.029,2.545,81,3
12,8,9,0.00662,77.980,0.908,4,0.03245,50,125,5.000,10,2.545,0.131,5,0.102,0.029,2.545,81,3
12,9,6,0.00599,46.410,0.535,4,0.02454,50,125,5.000,10,2.545,0.131,5,0.102,0.029,2.545,81,3
12,10,5,0.00595,18.397,0.536,5,0.01896,50,125,5.000,10,2.545,0.131,5,0.102,0.029,2.545,81,3
12,11,2,0.00513,1.500,0.155,4,0.01004,50,125,5.000,10,2.545,0.131,5,0.102,0.029,2.545,81,3
12,12,5,0.00585,28.314,0.428,5,0.01964,50,125,5.000,10,2.545,0.131,5,0.102,0.029,2.545,81,3
12,13,10,0.00671,126.238,1.000,4,0.03606,50,125,5.000,10,2.545,0.131,5,0.102,0.029,2.545,81,3
12,14,6,0.00581,27.675,0.394,4,0.02340,50,125,5.000,10,2.545,0.131,5,0.102,0.029,2.545,81,3
12,15,2,0.00515,2.926,0.148,4,0.00987,50,125,5.000,10,2.545,0.131,5,0.102,0.029,2.545,81,3
12,16,5,0.00571,34.905,0.349,5,0.02108,50,125,5.000,10,2.545,0.131,5,0.102,0.029,2.545,81,3
12,17,7,0.00641,57.996,0.754,3,0.02612,50,125,5.000,10,2.545,0.131,5,0.102,0.029,2.545,81,3
12,18,3,0.00538,6.917,0.286,4,0.01352,50,125,5.000,10,2.545,0.131,5,0.102,0.029,2.545,81,3
12,19,3,0.00515,4.745,0.280,4,0.01354,50,125,5.000,10,2.545,0.131,5,0.102,0.029,2.545,81,3
12,20,5,0.00585,25.601,0.507,4,0.01982,50,125,5.000,10,2.545,0.131,5,0.102,0.029,2.545,81,3
12,21,4,0.00565,19.376,0.279,4,0.01656,50,125,5.000,10,2.545,0.131,5,0.102,0.029,2.545,81,3
12,22,7,0.00629,76.573,0.706,3,0.02838,50,125,5.000,10,2.545,0.131,5,0.102,0.029,2.545,81,3
12,23,5,0.00595,30.821,0.395,4,0.01977,50,125,5.000,10,2.545,0.131,5,0.102,0.029,2.545,81,3
12,24,5,0.00575,31.484,0.304,4,0.02038,50,125,5.000,10,2.545,0.131,5,0.102,0.029,2.545,81,3
12,25,5,0.00581,23.286,0.449,4,0.01966,50,125,5.000,10,2.545,0.131,5,0.102,0.029,2.545,81,3
12,26,1,0.00467,0.000,0.067,5,0.00669,50,125,5.000,10,2.545,0.131,5,0.102,0.029,2.545,81,3
12,27,6,0.00610,63.264,0.408,4,0.02475,50,125,5.000,10,2.545,0.131,5,0.102,0.029,2.545,81,3
12,28,7,0.00621,51.407,0.708,4,0.02642,50,125,5.000,10,2.545,0.131,5,0.102,0.029,2.545,81,3
12,29,5,0.00606,24.245,0.502,4,0.01947,50,125,5.000,10,2.545,0.131,5,0.102,0.029,2.545,81,3
12,30,3,0.00543,6.591,0.261,4,0.01327,50,125,5.000,10,2.545,0.131,5,0.102,0.029,2.545,81,3
12,31,3,0.00515,2.903,0.219,5,0.01301,50,125,5.000,10,2.545,0.131,5,0.102,0.029,2.545,81,3
12,32,4,0.00543,11.428,0.275,5,0.01651,50,125,5.000,10,2.545,0.131,5,0.102,0.029,2.545,81,3
12,33,5,0.00581,34.055,0.293,4,0.02066,50,125,5.000,10,2.545,0.131,5,0.102,0.029,2.545,81,3
12,34,1,0.00461,0.000,0.060,5,0.00690,50,125,5.000,10,2.545,0.131,5,0.102,0.029,2.545,81,3
12,35,5,0.00610,37.589,0.487,4,0.01930,50,125,5.000,10,2.545,0.131,5,0.102,0.029,2.545,81,3
12,36,5,0.00595,43.525,0.373,4,0.02072,50,125,5.000,10,2.545,0.131,5,0.102,0.029,2.545,81,3
12,37,5,0.00610,25.562,0.502,4,0.01929,50,125,5.000,10,2.545,0.131,5,0.102,0.029,2.545,81,3
12,38,4,0.00552,16.900,0.275,4,0.01696,50,125,5.000,10,2.545,0.131,5,0.102,0.029,2.545,81,3
12,39,2,0.00526,2.648,0.191,4,0.00980,50,125,5.000,10,2.545,0.131,5,0.102,0.029,2.545,81,3
12,40,7,0.00645,51.492,0.754,4,0.02544,50,125,5.000,10,2.545,0.131,5,0.102,0.029,2.545,81,3
12,41,5,0.00588,67.358,0.363,4,0.02266,50,125,5.000,10,2.545,0.131,5,0.102,0.029,2.545,81,3
12,42,4,0.00581,25.062,0.326,4,0.01679,50,125,5.000,10,2.545,0.131,5,0.102,0.029,2.545,81,3
12,43,6,0.00595,35.187,0.498,4,0.02289,50,125,5.000,10,2.545,0.131,5,0.102,0.029,2.545,81,3
12,44,6,0.00625,41.577,0.710,4,0.02270,50,125,5.000,10,2.545,0.131,5,0.102,0.029,2.545,81,3
12,45,1,0.00485,0.000,0.116,4,0.00650,50,125,5.000,10,2.545,0.131,5,0.102,0.029,2.545,81,3
12,46,6,0.00599,69.926,0.408,4,0.02565,50,125,5.000,10,2.545,0.131,5,0.102,0.029,2.545,81,3
12,47,8,0.00671,81.388,0.831,3,0.02922,50,125,5.000,10,2.545,0.131,5,0.102,0.029,2.545,81,3
12,48,10,0.00680,147.246,0.924,3,0.03712,50,125,5.000,10,2.545,0.131,5,0.102,0.029,2.545,81,3
12,49,0,0.00041,0.000,0.000,0,0.00305,50,125,5.000,10,2.545,0.131,5,0.102,0.029,2.545,81,3
12,50,6,0.00610,36.337,0.612,4,0.02228,50,125,5.000,10,2.545,0.131,5,0.102,0.029,2.545,81,3
13,1,11,0.00980,236.703,0.691,4,0.05272,50,96,3.840,14,2.749,0.095,5,0.078,-0.204,2.749,45,3
13,2,6,0.00877,80.449,0.427,4,0.02922,50,96,3.840,14,2.749,0.095,5,0.078,-0.204,2.749,45,3
13,3,12,0.01042,255.659,0.896,3,0.05555,50,96,3.840,14,2.749,0.095,5,0.078,-0.204,2.749,45,3
13,4,14,0.01064,308.535,1.000,3,0.06554,50,96,3.840,14,2.749,0.095,5,0.078,-0.204,2.749,45,3
13,5,11,0.00971,209.390,0.663,4,0.05184,50,96,3.840,14,2.749,0.095,5,0.078,-0.204,2.749,45,3
13,6,2,0.00781,5.031,0.236,4,0.01108,50,96,3.840,14,2.749,0.095,5,0.078,-0.204,2.749,45,3
13,7,5,0.00826,29.639,0.464,4,0.02472,50,96,3.840,14,2.749,0.095,5,0.078,-0.204,2.749,45,3
13,8,7,0.00820,101.818,0.343,5,0.03486,50,96,3.840,14,2.749,0.095,5,0.078,-0.204,2.749,45,3
13,9,2,0.00769,5.352,0.234,4,0.01121,50,96,3.840,14,2.749,0.095,5,0.078,-0.204,2.749,45,3
13,10,4,0.00787,60.227,0.279,4,0.02078,50,96,3.840,14,2.749,0.095,5,0.078,-0.204,2.749,45,3
13,11,8,0.00926,152.527,0.582,4,0.03842,50,96,3.840,14,2.749,0.095,5,0.078,-0.204,2.749,45,3
13,12,2,0.00769,0.000,0.331,4,0.01091,50,96,3.840,14,2.749,0.095,5,0.078,-0.204,2.749,45,3
13,13,5,0.00820,34.461,0.380,4,0.02491,50,96,3.840,14,2.749,0.095,5,0.078,-0.204,2.749,45,3
13,14,3,0.00758,21.676,0.218,4,0.01601,50,96,3.840,14,2.749,0.095,5,0.078,-0.204,2.749,45,3
13,15,5,0.00840,54.585,0.387,4,0.02491,50,96,3.840,14,2.749,0.095,5,0.078,-0.204,2.749,45,3
13,16,3,0.00714,25.903,0.137,4,0.01663,50,96,3.840,14,2.749,0.095,5,0.078,-0.204,2.749,45,3
13,17,5,0.00794,59.501,0.260,4,0.02569,50,96,3.840,14,2.749,0.095,5,0.078,-0.204,2.749,45,3
13,18,6,0.00752,90.715,0.174,4,0.03136,50,96,3.840,14,2.749,0.095,5,0.078,-0.204,2.749,45,3
13,19,4,0.00769,31.554,0.231,4,0.02077,50,96,3.840,14,2.749,0.095,5,0.078,-0.204,2.749,45,3
13,20,2,0.00730,3.222,0.222,4,0.01116,50,96,3.840,14,2.749,0.095,5,0.078,-0.204,2.749,45,3
13,21,3,0.00741,20.535,0.174,5,0.01623,50,96,3.840,14,2.749,0.095,5,0.078,-0.204,2.749,45,3
13,22,4,0.00813,34.876,0.345,4,0.02065,50,96,3.840,14,2.749,0.095,5,0.078,-0.204,2.749,45,3
13,23,6,0.00775,78.721,0.334,4,0.03109,50,96,3.840,14,2.749,0.095,5,0.078,-0.204,2.749,45,3
13,24,3,0.00719,17.832,0.162,4,0.01659,50,96,3.840,14,2.749,0.095,5,0.078,-0.204,2.749,45,3
13,25,2,0.00781,5.031,0.236,4,0.01108,50,96,3.840,14,2.749,0.095,5,0.078,-0.204,2.749,45,3
13,26,2,0.00769,5.352,0.234,4,0.01121,50,96,3.840,14,2.749,0.095,5,0.078,-0.204,2.749,45,3
13,27,2,0.00585,1.500,0.086,5,0.01211,50,96,3.840,14,2.749,0.095,5,0.078,-0.204,2.749,45,3
13,28,3,0.00746,21.976,0.212,4,0.01624,50,96,3.840,14,2.749,0.095,5,0.078,-0.204,2.749,45,3
13,29,4,0.00735,50.345,0.167,4,0.02173,50,96,3.840,14,2.749,0.095,5,0.078,-0.204,2.749,45,3
13,30,2,0.00649,3.527,0.097,4,0.01184,50,96,3.840,14,2.749,0.095,5,0.078,-0.204,2.749,45,3
13,31,2,0.00699,0.000,0.237,4,0.01114,50,96,3.840,14,2.749,0.095,5,0.078,-0.204,2.749,45,3
13,32,3,0.00676,27.647,0.087,4,0.01701,50,96,3.840,14,2.749,0.095,5,0.078,-0.204,2.749,45,3
13,33,2,0.00769,1.556,0.272,4,0.01094,50,96,3.840,14,2.749,0.095,5,0.078,-0.204,2.749,45,3
13,34,3,0.00714,22.500,0.158,5,0.01689,50,96,3.840,14,2.749,0.095,5,0.078,-0.204,2.749,45,3
13,35,3,0.00641,3.417,0.133,5,0.01693,50,96,3.840,14,2.749,0.095,5,0.078,-0.204,2.749,45,3
13,36,2,0.00637,12.017,0.060,5,0.01206,50,96,3.840,14,2.749,0.095,5,0.078,-0.204,2.749,45,3
13,37,2,0.00694,2.317,0.168,4,0.01132,50,96,3.840,14,2.749,0.095,5,0.078,-0.204,2.749,45,3
13,38,2,0.00704,2.710,0.181,5,0.01146,50,96,3.840,14,2.749,0.095,5,0.078,-0.204,2.749,45,3
13,39,3,0.00725,26.652,0.250,4,0.01642,50,96,3.840,14,2.749,0.095,5,0.078,-0.204,2.749,45,3
13,40,2,0.00595,3.152,0.071,5,0.01244,50,96,3.840,14,2.749,0.095,5,0.078,-0.204,2.749,45,3
13,41,2,0.00654,2.226,0.115,5,0.01155,50,96,3.840,14,2.749,0.095,5,0.078,-0.204,2.749,45,3
13,42,2,0.00730,0.000,0.242,4,0.01121,50,96,3.840,14,2.749,0.095,5,0.078,-0.204,2.749,45,3
13,43,2,0.00735,5.583,0.233,4,0.01138,50,96,3.840,14,2.749,0.095,5,0.078,-0.204,2.749,45,3
13,44,2,0.00599,3.011,0.054,5,0.01216,50,96,3.840,14,2.749,0.095,5,0.078,-0.204,2.749,45,3
13,45,2,0.00725,0.000,0.223,4,0.01117,50,96,3.840,14,2.749,0.095,5,0.078,-0.204,2.749,45,3
13,46,2,0.00709,0.000,0.166,4,0.01144,50,96,3.840,14,2.749,0.095,5,0.078,-0.204,2.749,45,3
13,47,2,0.00735,5.583,0.233,4,0.01138,50,96,3.840,14,2.749,0.095,5,0.078,-0.204,2.749,45,3
13,48,2,0.00719,8.295,0.198,4,0.01178,50,96,3.840,14,2.749,0.095,5,0.078,-0.204,2.749,45,3
13,49,2,0.00621,5.294,0.087,5,0.01202,50,96,3.840,14,2.749,0.095,5,0.078,-0.204,2.749,45,3
13,50,2,0.00599,3.400,0.064,5,0.01223,50,96,3.840,14,2.749,0.095,5,0.078,-0.204,2.749,45,3
14,1,9,0.00909,104.268,0.372,4,0.04395,50,96,3.840,20,2.576,0.095,5,0.078,-0.244,2.576,54,3
14,2,8,0.01020,135.951,0.509,3,0.03855,50,96,3.840,20,2.576,0.095,5,0.078,-0.244,2.576,54,3
14,3,16,0.01136,337.356,0.831,3,0.07434,50,96,3.840,20,2.576,0.095,5,0.078,-0.244,2.576,54,3
14,4,3,0.00806,6.442,0.248,4,0.01591,50,96,3.840,20,2.576,0.095,5,0.078,-0.244,2.576,54,3
14,5,20,0.01250,497.232,1.000,3,0.09268,50,96,3.840,20,2.576,0.095,5,0.078,-0.244,2.576,54,3
14,6,6,0.00885,54.323,0.336,4,0.03000,50,96,3.840,20,2.576,0.095,5,0.078,-0.244,2.576,54,3
14,7,6,0.00862,50.956,0.325,4,0.02970,50,96,3.840,20,2.576,0.095,5,0.078,-0.244,2.576,54,3
14,8,2,0.00870,0.000,0.295,3,0.01089,50,96,3.840,20,2.576,0.095,5,0.078,-0.244,2.576,54,3
14,9,4,0.00800,25.331,0.175,4,0.02055,50,96,3.840,20,2.576,0.095,5,0.078,-0.244,2.576,54,3
14,10,2,0.00769,0.000,0.186,4,0.01116,50,96,3.840,20,2.576,0.095,5,0.078,-0.244,2.576,54,3
14,11,6,0.00962,81.675,0.401,3,0.02954,50,96,3.840,20,2.576,0.095,5,0.078,-0.244,2.576,54,3
14,12,3,0.00833,21.449,0.230,4,0.01620,50,96,3.840,20,2.576,0.095,5,0.078,-0.244,2.576,54,3
14,13,9,0.00980,176.306,0.386,3,0.04547,50,96,3.840,20,2.576,0.095,5,0.078,-0.244,2.576,54,3
14,14,2,0.00746,3.555,0.142,4,0.01125,50,96,3.840,20,2.576,0.095,5,0.078,-0.244,2.576,54,3
14,15,4,0.00752,18.197,0.169,4,0.02122,50,96,3.840,20,2.576,0.095,5,0.078,-0.244,2.576,54,3
14,16,3,0.00893,27.100,0.311,3,0.01569,50,96,3.840,20,2.576,0.095,5,0.078,-0.244,2.576,54,3
14,17,3,0.00826,22.500,0.227,4,0.01643,50,96,3.840,20,2.576,0.095,5,0.078,-0.244,2.576,54,3
14,18,6,0.00901,61.367,0.300,3,0.02992,50,96,3.840,20,2.576,0.095,5,0.078,-0.244,2.576,54,3
14,19,2,0.00806,5.004,0.196,4,0.01124,50,96,3.840,20,2.576,0.095,5,0.078,-0.244,2.576,54,3
14,20,4,0.00806,33.489,0.212,4,0.02095,50,96,3.840,20,2.576,0.095,5,0.078,-0.244,2.576,54,3
14,21,2,0.00833,2.260,0.221,4,0.01109,50,96,3.840,20,2.576,0.095,5,0.078,-0.244,2.576,54,3
14,22,4,0.00893,22.084,0.358,3,0.01990,50,96,3.840,20,2.576,0.095,5,0.078,-0.244,2.576,54,3
14,23,3,0.00820,1.083,0.260,4,0.01558,50,96,3.840,20,2.576,0.095,5,0.078,-0.244,2.576,54,3
14,24,2,0.00820,0.000,0.209,4,0.01118,50,96,3.840,20,2.576,0.095,5,0.078,-0.244,2.576,54,3
14,25,2,0.00730,4.753,0.090,4,0.01166,50,96,3.840,20,2.576,0.095,5,0.078,-0.244,2.576,54,3
14,26,3,0.00694,6.893,0.132,4,0.01623,50,96,3.840,20,2.576,0.095,5,0.078,-0.244,2.576,54,3
14,27,2,0.00794,3.900,0.201,4,0.01145,50,96,3.840,20,2.576,0.095,5,0.078,-0.244,2.576,54,3
14,28,2,0.00709,5.021,0.089,4,0.01180,50,96,3.840,20,2.576,0.095,5,0.078,-0.244,2.576,54,3
14,29,2,0.00637,1.111,0.087,5,0.01166,50,96,3.840,20,2.576,0.095,5,0.078,-0.244,2.576,54,3
14,30,4,0.00840,35.081,0.258,4,0.02120,50,96,3.840,20,2.576,0.095,5,0.078,-0.244,2.576,54,3
14,31,2,0.00690,2.667,0.099,4,0.01188,50,96,3.840,20,2.576,0.095,5,0.078,-0.244,2.576,54,3
14,32,2,0.00800,0.000,0.194,4,0.01110,50,96,3.840,20,2.576,0.095,5,0.078,-0.244,2.576,54,3
14,33,2,0.00806,6.194,0.188,4,0.01145,50,96,3.840,20,2.576,0.095,5,0.078,-0.244,2.576,54,3
14,34,2,0.00719,4.027,0.116,4,0.01154,50,96,3.840,20,2.576,0.095,5,0.078,-0.244,2.576,54,3
14,35,3,0.00676,3.833,0.100,4,0.01695,50,96,3.840,20,2.576,0.095,5,0.078,-0.244,2.576,54,3
14,36,2,0.00813,0.000,0.226,4,0.01112,50,96,3.840,20,2.576,0.095,5,0.078,-0.244,2.576,54,3
14,37,4,0.00840,23.305,0.253,4,0.02078,50,96,3.840,20,2.576,0.095,5,0.078,-0.244,2.576,54,3
14,38,2,0.00719,2.013,0.125,4,0.01134,50,96,3.840,20,2.576,0.095,5,0.078,-0.244,2.576,54,3
14,39,2,0.00794,0.000,0.203,4,0.01144,50,96,3.840,20,2.576,0.095,5,0.078,-0.244,2.576,54,3
14,40,3,0.00781,35.225,0.163,4,0.01680,50,96,3.840,20,2.576,0.095,5,0.078,-0.244,2.576,54,3
14,41,5,0.00741,43.683,0.137,4,0.02705,50,96,3.840,20,2.576,0.095,5,0.078,-0.244,2.576,54,3
14,42,3,0.00826,29.704,0.207,4,0.01648,50,96,3.840,20,2.576,0.095,5,0.078,-0.244,2.576,54,3
14,43,2,0.00719,13.369,0.084,4,0.01189,50,96,3.840,20,2.576,0.095,5,0.078,-0.244,2.576,54,3
14,44,2,0.00637,5.000,0.048,4,0.01236,50,96,3.840,20,2.576,0.095,5,0.078,-0.244,2.576,54,3
14,45,2,0.00709,0.000,0.114,4,0.01140,50,96,3.840,20,2.576,0.095,5,0.078,-0.244,2.576,54,3
14,46,2,0.00704,5.583,0.098,4,0.01190,50,96,3.840,20,2.576,0.095,5,0.078,-0.244,2.576,54,3
14,47,2,0.00719,1.858,0.130,4,0.01134,50,96,3.840,20,2.576,0.095,5,0.078,-0.244,2.576,54,3
14,48,2,0.00769,3.869,0.175,4,0.01137,50,96,3.840,20,2.576,0.095,5,0.078,-0.244,2.576,54,3
14,49,2,0.00645,3.783,0.064,5,0.01210,50,96,3.840,20,2.576,0.095,5,0.078,-0.244,2.576,54,3
14,50,2,0.00662,1.200,0.070,4,0.01232,50,96,3.840,20,2.576,0.095,5,0.078,-0.244,2.576,54,3
15,1,10,0.00971,159.423,0.764,4,0.04618,50,96,3.840,14,2.723,0.130,5,0.078,-0.211,2.723,63,3
15,2,6,0.00826,51.754,0.350,4,0.03069,50,96,3.840,14,2.723,0.130,5,0.078,-0.211,2.723,63,3
15,3,14,0.01136,400.575,1.000,3,0.06523,50,96,3.840,14,2.723,0.130,5,0.078,-0.211,2.723,63,3
15,4,10,0.00990,190.381,0.674,3,0.04670,50,96,3.840,14,2.723,0.130,5,0.078,-0.211,2.723,63,3
15,5,7,0.00901,84.193,0.594,4,0.03320,50,96,3.840,14,2.723,0.130,5,0.078,-0.211,2.723,63,3
15,6,4,0.00794,15.372,0.334,4,0.01967,50,96,3.840,14,2.723,0.130,5,0.078,-0.211,2.723,63,3
15,7,2,0.00763,0.000,0.236,4,0.01131,50,96,3.840,14,2.723,0.130,5,0.078,-0.211,2.723,63,3
15,8,4,0.00847,54.344,0.355,3,0.02038,50,96,3.840,14,2.723,0.130,5,0.078,-0.211,2.723,63,3
15,9,7,0.00847,100.137,0.335,4,0.03425,50,96,3.840,14,2.723,0.130,5,0.078,-0.211,2.723,63,3
15,10,3,0.00769,27.607,0.295,4,0.01619,50,96,3.840,14,2.723,0.130,5,0.078,-0.211,2.723,63,3
15,11,8,0.00800,117.853,0.416,4,0.04010,50,96,3.840,14,2.723,0.130,5,0.078,-0.211,2.723,63,3
15,12,9,0.00926,173.429,0.603,4,0.04403,50,96,3.840,14,2.723,0.130,5,0.078,-0.211,2.723,63,3
15,13,3,0.00781,22.404,0.249,4,0.01611,50,96,3.840,14,2.723,0.130,5,0.078,-0.211,2.723,63,3
15,14,13,0.00990,303.359,0.692,4,0.06322,50,96,3.840,14,2.723,0.130,5,0.078,-0.211,2.723,63,3
15,15,5,0.00752,60.620,0.187,4,0.02597,50,96,3.840,14,2.723,0.130,5,0.078,-0.211,2.723,63,3
15,16,4,0.00735,29.089,0.206,4,0.02127,50,96,3.840,14,2.723,0.130,5,0.078,-0.211,2.723,63,3
15,17,2,0.00699,4.168,0.167,5,0.01151,50,96,3.840,14,2.723,0.130,5,0.078,-0.211,2.723,63,3
15,18,5,0.00741,15.944,0.334,5,0.02568,50,96,3.840,14,2.723,0.130,5,0.078,-0.211,2.723,63,3
15,19,3,0.00735,7.867,0.217,4,0.01581,50,96,3.840,14,2.723,0.130,5,0.078,-0.211,2.723,63,3
15,20,2,0.00714,3.221,0.179,4,0.01132,50,96,3.840,14,2.723,0.130,5,0.078,-0.211,2.723,63,3
15,21,3,0.00704,16.612,0.117,4,0.01681,50,96,3.840,14,2.723,0.130,5,0.078,-0.211,2.723,63,3
15,22,4,0.00787,33.964,0.236,4,0.02118,50,96,3.840,14,2.723,0.130,5,0.078,-0.211,2.723,63,3
15,23,3,0.00787,31.627,0.232,4,0.01651,50,96,3.840,14,2.723,0.130,5,0.078,-0.211,2.723,63,3
15,24,2,0.00694,10.160,0.126,4,0.01192,50,96,3.840,14,2.723,0.130,5,0.078,-0.211,2.723,63,3
15,25,3,0.00763,19.216,0.220,4,0.01600,50,96,3.840,14,2.723,0.130,5,0.078,-0.211,2.723,63,3
15,26,2,0.00617,3.400,0.109,5,0.01178,50,96,3.840,14,2.723,0.130,5,0.078,-0.211,2.723,63,3
15,27,3,0.00730,16.828,0.270,4,0.01585,50,96,3.840,14,2.723,0.130,5,0.078,-0.211,2.723,63,3
15,28,2,0.00800,6.135,0.254,4,0.01106,50,96,3.840,14,2.723,0.130,5,0.078,-0.211,2.723,63,3
15,29,2,0.00680,0.000,0.179,5,0.01150,50,96,3.840,14,2.723,0.130,5,0.078,-0.211,2.723,63,3
15,30,2,0.00769,9.654,0.211,4,0.01148,50,96,3.840,14,2.723,0.130,5,0.078,-0.211,2.723,63,3
15,31,3,0.00690,7.083,0.204,5,0.01653,50,96,3.840,14,2.723,0.130,5,0.078,-0.211,2.723,63,3
15,32,2,0.00658,3.833,0.113,4,0.01194,50,96,3.840,14,2.723,0.130,5,0.078,-0.211,2.723,63,3
15,33,3,0.00730,12.231,0.220,4,0.01607,50,96,3.840,14,2.723,0.130,5,0.078,-0.211,2.723,63,3
15,34,2,0.00649,2.383,0.141,5,0.01184,50,96,3.840,14,2.723,0.130,5,0.078,-0.211,2.723,63,3
15,35,2,0.00787,9.094,0.247,4,0.01122,50,96,3.840,14,2.723,0.130,5,0.078,-0.211,2.723,63,3
15,36,3,0.00676,9.056,0.152,4,0.01669,50,96,3.840,14,2.723,0.130,5,0.078,-0.211,2.723,63,3
15,37,3,0.00741,23.088,0.241,4,0.01636,50,96,3.840,14,2.723,0.130,5,0.078,-0.211,2.723,63,3
15,38,2,0.00714,4.219,0.162,4,0.01119,50,96,3.840,14,2.723,0.130,5,0.078,-0.211,2.723,63,3
15,39,2,0.00592,0.000,0.099,5,0.01199,50,96,3.840,14,2.723,0.130,5,0.078,-0.211,2.723,63,3
15,40,2,0.00704,0.000,0.162,5,0.01163,50,96,3.840,14,2.723,0.130,5,0.078,-0.211,2.723,63,3
15,41,2,0.00714,10.169,0.159,4,0.01169,50,96,3.840,14,2.723,0.130,5,0.078,-0.211,2.723,63,3
15,42,2,0.00800,6.135,0.254,4,0.01106,50,96,3.840,14,2.723,0.130,5,0.078,-0.211,2.723,63,3
15,43,2,0.00758,5.733,0.233,4,0.01133,50,96,3.840,14,2.723,0.130,5,0.078,-0.211,2.723,63,3
15,44,2,0.00610,0.500,0.094,5,0.01222,50,96,3.840,14,2.723,0.130,5,0.078,-0.211,2.723,63,3
15,45,3,0.00775,39.768,0.170,4,0.01685,50,96,3.840,14,2.723,0.130,5,0.078,-0.211,2.723,63,3
15,46,2,0.00625,2.250,0.106,5,0.01165,50,96,3.840,14,2.723,0.130,5,0.078,-0.211,2.723,63,3
15,47,2,0.00763,0.000,0.236,4,0.01131,50,96,3.840,14,2.723,0.130,5,0.078,-0.211,2.723,63,3
15,48,2,0.00704,0.000,0.162,5,0.01163,50,96,3.840,14,2.723,0.130,5,0.078,-0.211,2.723,63,3
15,49,2,0.00658,6.119,0.062,4,0.01219,50,96,3.840,14,2.723,0.130,5,0.078,-0.211,2.723,63,3
15,50,2,0.00694,0.000,0.149,4,0.01172,50,96,3.840,14,2.723,0.130,5,0.078,-0.211,2.723,63,3
16,1,14,0.01099,286.673,0.865,3,0.06615,50,96,3.840,15,2.633,0.093,5,0.078,-0.287,2.633,51,3
16,2,15,0.01075,274.395,0.977,4,0.06983,50,96,3.840,15,2.633,0.093,5,0.078,-0.287,2.633,51,3
16,3,15,0.01075,258.391,1.000,3,0.06936,50,96,3.840,15,2.633,0.093,5,0.078,-0.287,2.633,51,3
16,4,13,0.01075,281.195,0.763,3,0.06123,50,96,3.840,15,2.633,0.093,5,0.078,-0.287,2.633,51,3
16,5,5,0.00862,39.303,0.396,4,0.02528,50,96,3.840,15,2.633,0.093,5,0.078,-0.287,2.633,51,3
16,6,3,0.00877,25.221,0.333,4,0.01542,50,96,3.840,15,2.633,0.093,5,0.078,-0.287,2.633,51,3
16,7,7,0.00935,113.750,0.459,4,0.03447,50,96,3.840,15,2.633,0.093,5,0.078,-0.287,2.633,51,3
16,8,6,0.00885,63.512,0.409,4,0.03021,50,96,3.840,15,2.633,0.093,5,0.078,-0.287,2.633,51,3
16,9,3,0.00840,10.986,0.343,4,0.01540,50,96,3.840,15,2.633,0.093,5,0.078,-0.287,2.633,51,3
16,10,7,0.00840,127.270,0.268,4,0.03692,50,96,3.840,15,2.633,0.093,5,0.078,-0.287,2.633,51,3
16,11,5,0.00862,41.865,0.373,4,0.02532,50,96,3.840,15,2.633,0.093,5,0.078,-0.287,2.633,51,3
16,12,2,0.00775,2.567,0.209,4,0.01130,50,96,3.840,15,2.633,0.093,5,0.078,-0.287,2.633,51,3
16,13,4,0.00752,12.267,0.247,4,0.02084,50,96,3.840,15,2.633,0.093,5,0.078,-0.287,2.633,51,3
16,14,3,0.00769,17.884,0.206,4,0.01612,50,96,3.840,15,2.633,0.093,5,0.078,-0.287,2.633,51,3
16,15,3,0.00694,14.967,0.151,5,0.01667,50,96,3.840,15,2.633,0.093,5,0.078,-0.287,2.633,51,3
16,16,5,0.00870,41.921,0.436,4,0.02488,50,96,3.840,15,2.633,0.093,5,0.078,-0.287,2.633,51,3
16,17,4,0.00855,46.167,0.374,4,0.02069,50,96,3.840,15,2.633,0.093,5,0.078,-0.287,2.633,51,3
16,18,2,0.00752,0.000,0.239,4,0.01112,50,96,3.840,15,2.633,0.093,5,0.078,-0.287,2.633,51,3
16,19,4,0.00813,35.139,0.285,4,0.02085,50,96,3.840,15,2.633,0.093,5,0.078,-0.287,2.633,51,3
16,20,3,0.00763,13.583,0.237,4,0.01627,50,96,3.840,15,2.633,0.093,5,0.078,-0.287,2.633,51,3
16,21,2,0.00699,7.027,0.105,5,0.01179,50,96,3.840,15,2.633,0.093,5,0.078,-0.287,2.633,51,3
16,22,3,0.00741,20.955,0.203,4,0.01653,50,96,3.840,15,2.633,0.093,5,0.078,-0.287,2.633,51,3
16,23,2,0.00806,1.293,0.289,4,0.01093,50,96,3.840,15,2.633,0.093,5,0.078,-0.287,2.633,51,3
16,24,3,0.00735,20.673,0.119,4,0.01698,50,96,3.840,15,2.633,0.093,5,0.078,-0.287,2.633,51,3
16,25,3,0.00787,35.644,0.188,4,0.01638,50,96,3.840,15,2.633,0.093,5,0.078,-0.287,2.633,51,3
16,26,2,0.00735,0.000,0.207,4,0.01131,50,96,3.840,15,2.633,0.093,5,0.078,-0.287,2.633,51,3
16,27,2,0.00813,1.467,0.302,4,0.01097,50,96,3.840,15,2.633,0.093,5,0.078,-0.287,2.633,51,3
16,28,2,0.00725,0.000,0.166,4,0.01143,50,96,3.840,15,2.633,0.093,5,0.078,-0.287,2.633,51,3
16,29,4,0.00794,44.779,0.261,4,0.02139,50,96,3.840,15,2.633,0.093,5,0.078,-0.287,2.633,51,3
16,30,2,0.00769,3.606,0.203,4,0.01141,50,96,3.840,15,2.633,0.093,5,0.078,-0.287,2.633,51,3
16,31,2,0.00813,1.467,0.302,4,0.01097,50,96,3.840,15,2.633,0.093,5,0.078,-0.287,2.633,51,3
16,32,2,0.00806,0.000,0.324,4,0.01089,50,96,3.840,15,2.633,0.093,5,0.078,-0.287,2.633,51,3
16,33,2,0.00752,5.686,0.190,4,0.01130,50,96,3.840,15,2.633,0.093,5,0.078,-0.287,2.633,51,3
16,34,3,0.00833,25.725,0.347,4,0.01573,50,96,3.840,15,2.633,0.093,5,0.078,-0.287,2.633,51,3
16,35,2,0.00746,0.000,0.221,4,0.01126,50,96,3.840,15,2.633,0.093,5,0.078,-0.287,2.633,51,3
16,36,2,0.00725,3.483,0.199,5,0.01157,50,96,3.840,15,2.633,0.093,5,0.078,-0.287,2.633,51,3
16,37,3,0.00699,29.422,0.139,5,0.01708,50,96,3.840,15,2.633,0.093,5,0.078,-0.287,2.633,51,3
16,38,2,0.00769,3.576,0.231,4,0.01121,50,96,3.840,15,2.633,0.093,5,0.078,-0.287,2.633,51,3
16,39,3,0.00763,28.795,0.208,4,0.01648,50,96,3.840,15,2.633,0.093,5,0.078,-0.287,2.633,51,3
16,40,2,0.00578,0.750,0.067,5,0.01236,50,96,3.840,15,2.633,0.093,5,0.078,-0.287,2.633,51,3
16,41,2,0.00820,0.000,0.306,4,0.01095,50,96,3.840,15,2.633,0.093,5,0.078,-0.287,2.633,51,3
16,42,2,0.00775,2.235,0.213,4,0.01125,50,96,3.840,15,2.633,0.093,5,0.078,-0.287,2.633,51,3
16,43,2,0.00671,8.836,0.087,5,0.01203,50,96,3.840,15,2.633,0.093,5,0.078,-0.287,2.633,51,3
16,44,2,0.00633,5.117,0.064,5,0.01229,50,96,3.840,15,2.633,0.093,5,0.078,-0.287,2.633,51,3
16,45,2,0.00813,1.467,0.302,4,0.01097,50,96,3.840,15,2.633,0.093,5,0.078,-0.287,2.633,51,3
16,46,3,0.00671,23.000,0.098,5,0.01747,50,96,3.840,15,2.633,0.093,5,0.078,-0.287,2.633,51,3
16,47,2,0.00714,7.143,0.111,5,0.01176,50,96,3.840,15,2.633,0.093,5,0.078,-0.287,2.633,51,3
16,48,2,0.00633,5.243,0.069,5,0.01221,50,96,3.840,15,2.633,0.093,5,0.078,-0.287,2.633,51,3
16,49,2,0.00662,3.417,0.089,4,0.01198,50,96,3.840,15,2.633,0.093,5,0.078,-0.287,2.633,51,3
16,50,2,0.00565,3.139,0.039,5,0.01279,50,96,3.840,15,2.633,0.093,5,0.078,-0.287,2.633,51,3
