name,degree,betweenness,closeness,eigenvalue,eccentricity,coreness,pagerank,ci,a_degree,a_betweenness,a_closeness,a_eigenvalue,a_coreness,a_pagerank,a_ci,graph_size,graph_edges,graph_avg_degree,graph_max_degree,graph_apl,graph_clust_coef,graph_diameter,graph_density,graph_assortativity,graph_avg_distance,graph_triads,graph_girth
0,24,8510.75027637808,0.000961538461538462,0.472540397061675,5,2,0.0128643379859534,12213,1,1,1,1,1,4,4,400,796,3.98,49,3.7287969924812,0.0211267605633803,7,0.0099749373433584,-0.10796811591753,3.7287969924812,132,3
1,23,7629.2673013542,0.000931966449207829,0.393714142600104,4,2,0.0127610197718,10758,2,2,2,2,2,6,6,400,796,3.98,49,3.7287969924812,0.0211267605633803,7,0.0099749373433584,-0.10796811591753,3.7287969924812,132,3
2,49,20398.6199776379,0.00104493207941484,1,4,2,0.0264295033191078,25104,3,3,3,3,3,1,1,400,796,3.98,49,3.7287969924812,0.0211267605633803,7,0.0099749373433584,-0.10796811591753,3.7287969924812,132,3
3,32,11891.7170914054,0.000984251968503937,0.48916587538132,4,2,0.0173649972677342,17360,4,4,4,4,4,2,2,400,796,3.98,49,3.7287969924812,0.0211267605633803,7,0.0099749373433584,-0.10796811591753,3.7287969924812,132,3
4,18,5169.52258866066,0.000902527075812274,0.330119180716143,5,2,0.00967234081724027,8092,5,5,5,5,5,9,7,400,796,3.98,49,3.7287969924812,0.0211267605633803,7,0.0099749373433584,-0.10796811591753,3.7287969924812,132,3
5,6,969.866841579075,0.000796178343949045,0.183820128995959,5,2,0.00369354084463856,1695,6,6,6,6,6,54,59,400,796,3.98,49,3.7287969924812,0.0211267605633803,7,0.0099749373433584,-0.10796811591753,3.7287969924812,132,3
6,10,1854.26966022116,0.000828500414250207,0.175607579355087,5,2,0.00556896289531611,3456,7,7,7,7,7,32,59,400,796,3.98,49,3.7287969924812,0.0211267605633803,7,0.0099749373433584,-0.10796811591753,3.7287969924812,132,3
7,11,2828.48080004573,0.000873362445414847,0.239167728394311,5,2,0.0060532288930254,4610,8,8,8,8,8,24,15,400,796,3.98,49,3.7287969924812,0.0211267605633803,7,0.0099749373433584,-0.10796811591753,3.7287969924812,132,3
8,16,4387.90505449052,0.000849617672047579,0.248391545212672,5,2,0.00897089465821898,5610,9,9,9,9,9,12,13,400,796,3.98,49,3.7287969924812,0.0211267605633803,7,0.0099749373433584,-0.10796811591753,3.7287969924812,132,3
9,32,12046.4221842691,0.000977517106549365,0.535587983877959,4,2,0.0174611802189928,16430,10,10,10,10,10,3,3,400,796,3.98,49,3.7287969924812,0.0211267605633803,7,0.0099749373433584,-0.10796811591753,3.7287969924812,132,3
10,14,3145.94656182164,0.000851063829787234,0.215505772164276,5,2,0.00777684117496978,5226,11,11,11,11,11,15,14,400,796,3.98,49,3.7287969924812,0.0211267605633803,7,0.0099749373433584,-0.10796811591753,3.7287969924812,132,3
11,11,2564.39941935381,0.000817661488143908,0.153068755820087,5,2,0.00624629233832174,3810,12,12,12,12,12,21,18,400,796,3.98,49,3.7287969924812,0.0211267605633803,7,0.0099749373433584,-0.10796811591753,3.7287969924812,132,3
12,23,7843.74292228544,0.000898472596585804,0.240435975231369,5,2,0.0125541971716468,9900,13,13,13,13,13,5,5,400,796,3.98,49,3.7287969924812,0.0211267605633803,7,0.0099749373433584,-0.10796811591753,3.7287969924812,132,3
13,4,311.791319877233,0.000694927032661571,0.0620228752485128,5,2,0.00251839090879451,534,14,14,14,14,14,73,59,400,796,3.98,49,3.7287969924812,0.0211267605633803,7,0.0099749373433584,-0.10796811591753,3.7287969924812,132,3
14,4,289.804411183913,0.000767459708365311,0.101669133621311,5,2,0.0023625294405794,876,15,15,15,15,15,73,59,400,796,3.98,49,3.7287969924812,0.0211267605633803,7,0.0099749373433584,-0.10796811591753,3.7287969924812,132,3
15,7,1501.30791950615,0.000836120401337793,0.2184795847425,5,2,0.00414560071473759,2364,16,16,16,16,16,52,59,400,796,3.98,49,3.7287969924812,0.0211267605633803,7,0.0099749373433584,-0.10796811591753,3.7287969924812,132,3
16,17,4236.03565299624,0.000843170320404722,0.168698424877253,5,2,0.00957257128941198,6384,17,17,17,17,17,10,10,400,796,3.98,49,3.7287969924812,0.0211267605633803,7,0.0099749373433584,-0.10796811591753,3.7287969924812,132,3
17,13,3041.94072503564,0.000800640512409928,0.120761425341106,5,2,0.00732556264580086,3840,18,18,18,18,18,16,16,400,796,3.98,49,3.7287969924812,0.0211267605633803,7,0.0099749373433584,-0.10796811591753,3.7287969924812,132,3
18,8,1684.49851468733,0.000772797527047913,0.0824285672821584,5,2,0.00447523866127851,2037,19,19,19,19,19,73,59,400,796,3.98,49,3.7287969924812,0.0211267605633803,7,0.0099749373433584,-0.10796811591753,3.7287969924812,132,3
19,15,3716.23290026959,0.000818330605564648,0.14784715326713,5,2,0.0085003377094328,4844,20,20,20,20,20,11,17,400,796,3.98,49,3.7287969924812,0.0211267605633803,7,0.0099749373433584,-0.10796811591753,3.7287969924812,132,3
20,10,1906.32889136839,0.0007627765064836,0.0742747043540472,5,2,0.00576740956259925,2403,21,21,21,21,21,26,31,400,796,3.98,49,3.7287969924812,0.0211267605633803,7,0.0099749373433584,-0.10796811591753,3.7287969924812,132,3
21,6,983.147128137645,0.000739644970414201,0.0842841855873459,5,2,0.00361096017535006,1205,22,22,22,22,22,73,59,400,796,3.98,49,3.7287969924812,0.0211267605633803,7,0.0099749373433584,-0.10796811591753,3.7287969924812,132,3
22,11,2461.22525842846,0.000807754442649435,0.149700198942427,5,2,0.00620642076670234,3290,23,23,23,23,23,36,25,400,796,3.98,49,3.7287969924812,0.0211267605633803,7,0.0099749373433584,-0.10796811591753,3.7287969924812,132,3
23,17,4179.52757577721,0.000851788756388416,0.215113269856991,5,2,0.00935751570505766,6512,24,24,24,24,24,7,8,400,796,3.98,49,3.7287969924812,0.0211267605633803,7,0.0099749373433584,-0.10796811591753,3.7287969924812,132,3
24,11,1793.34686891942,0.000809061488673139,0.205062745020875,5,2,0.00637858458609967,3510,25,25,25,25,25,18,20,400,796,3.98,49,3.7287969924812,0.0211267605633803,7,0.0099749373433584,-0.10796811591753,3.7287969924812,132,3
25,12,1870.28087540609,0.000732600732600733,0.0644668158707251,5,2,0.00705492997562768,2420,26,26,26,26,26,17,21,400,796,3.98,49,3.7287969924812,0.0211267605633803,7,0.0099749373433584,-0.10796811591753,3.7287969924812,132,3
26,4,581.949823878742,0.000775193798449612,0.0779418201393472,5,2,0.0025032148124402,909,27,27,27,27,27,73,59,400,796,3.98,49,3.7287969924812,0.0211267605633803,7,0.0099749373433584,-0.10796811591753,3.7287969924812,132,3
27,9,936.648529060715,0.000726216412490922,0.0775222721860852,6,2,0.0052736968113798,1832,28,28,28,28,28,31,26,400,796,3.98,49,3.7287969924812,0.0211267605633803,7,0.0099749373433584,-0.10796811591753,3.7287969924812,132,3
28,4,392.957453557562,0.000725163161711385,0.0833812658009327,6,2,0.00246594695033412,666,29,29,29,29,29,73,59,400,796,3.98,49,3.7287969924812,0.0211267605633803,7,0.0099749373433584,-0.10796811591753,3.7287969924812,132,3
29,7,1095.26345539509,0.000754147812971342,0.104103476628795,5,2,0.00425220943319703,1524,30,30,30,30,30,41,47,400,796,3.98,49,3.7287969924812,0.0211267605633803,7,0.0099749373433584,-0.10796811591753,3.7287969924812,132,3
30,14,2470.67329815337,0.000734214390602056,0.0615670360156423,5,2,0.00806514838772074,2366,31,31,31,31,31,13,9,400,796,3.98,49,3.7287969924812,0.0211267605633803,7,0.0099749373433584,-0.10796811591753,3.7287969924812,132,3
31,9,1638.11497872626,0.000761614623000762,0.100820344660298,5,2,0.00539241246226174,2320,32,32,32,32,32,30,59,400,796,3.98,49,3.7287969924812,0.0211267605633803,7,0.0099749373433584,-0.10796811591753,3.7287969924812,132,3
32,5,619.753337538701,0.000710732054015636,0.073509129756475,5,2,0.00303399934735069,772,33,33,33,33,33,73,59,400,796,3.98,49,3.7287969924812,0.0211267605633803,7,0.0099749373433584,-0.10796811591753,3.7287969924812,132,3
33,7,1052.31939707136,0.000729394602479942,0.0557213101171512,5,2,0.00424682930414944,1368,34,34,34,34,34,39,44,400,796,3.98,49,3.7287969924812,0.0211267605633803,7,0.0099749373433584,-0.10796811591753,3.7287969924812,132,3
34,3,108.015698899378,0.00078740157480315,0.153548936793143,5,2,0.00186219320465491,662,35,35,35,35,35,73,59,400,796,3.98,49,3.7287969924812,0.0211267605633803,7,0.0099749373433584,-0.10796811591753,3.7287969924812,132,3
35,7,1647.50687891707,0.000797448165869219,0.151031786836671,5,2,0.00407901984157182,1896,36,36,36,36,36,59,56,400,796,3.98,49,3.7287969924812,0.0211267605633803,7,0.0099749373433584,-0.10796811591753,3.7287969924812,132,3
36,10,2021.16657613468,0.000789889415481833,0.16932601290354,5,2,0.00596784661288855,2844,37,37,37,37,37,23,37,400,796,3.98,49,3.7287969924812,0.0211267605633803,7,0.0099749373433584,-0.10796811591753,3.7287969924812,132,3
37,2,122.602456528654,0.000671140939597316,0.0355703082873458,5,2,0.00135130298532488,146,86,86,86,86,86,73,59,400,796,3.98,49,3.7287969924812,0.0211267605633803,7,0.0099749373433584,-0.10796811591753,3.7287969924812,132,3
38,4,1111.44816071892,0.00079428117553614,0.16539511505405,5,2,0.00238303729544981,957,38,38,38,38,38,73,59,400,796,3.98,49,3.7287969924812,0.0211267605633803,7,0.0099749373433584,-0.10796811591753,3.7287969924812,132,3
39,12,1320.36517092519,0.000740740740740741,0.0842199309775316,5,2,0.00677409355791408,2629,39,39,39,39,39,14,11,400,796,3.98,49,3.7287969924812,0.0211267605633803,7,0.0099749373433584,-0.10796811591753,3.7287969924812,132,3
40,3,5.64402264402264,0.000750750750750751,0.153444515559329,5,2,0.00192260408893268,524,86,86,86,86,86,73,59,400,796,3.98,49,3.7287969924812,0.0211267605633803,7,0.0099749373433584,-0.10796811591753,3.7287969924812,132,3
41,4,209.26234261777,0.000713266761768902,0.0727331446115494,5,2,0.00236155194734704,621,40,40,40,40,40,73,59,400,796,3.98,49,3.7287969924812,0.0211267605633803,7,0.0099749373433584,-0.10796811591753,3.7287969924812,132,3
42,10,1581.39014910747,0.000702247191011236,0.0359419611951982,6,2,0.00579358456751208,1458,41,41,41,41,41,25,23,400,796,3.98,49,3.7287969924812,0.0211267605633803,7,0.0099749373433584,-0.10796811591753,3.7287969924812,132,3
43,6,1070.64037331576,0.000740740740740741,0.0952278358578392,5,2,0.00362989639861105,1135,42,42,42,42,42,73,59,400,796,3.98,49,3.7287969924812,0.0211267605633803,7,0.0099749373433584,-0.10796811591753,3.7287969924812,132,3
44,17,4732.99762204274,0.000864304235090752,0.266903631281264,5,2,0.00964107314067559,6672,43,43,43,43,43,8,12,400,796,3.98,49,3.7287969924812,0.0211267605633803,7,0.0099749373433584,-0.10796811591753,3.7287969924812,132,3
45,3,365.240995704502,0.000752445447705041,0.12681239321348,5,2,0.00197329508826825,546,44,44,44,44,44,73,59,400,796,3.98,49,3.7287969924812,0.0211267605633803,7,0.0099749373433584,-0.10796811591753,3.7287969924812,132,3
46,5,847.531492416496,0.000681198910081744,0.0274617894515562,5,2,0.00303787555657892,560,45,45,45,45,45,73,59,400,796,3.98,49,3.7287969924812,0.0211267605633803,7,0.0099749373433584,-0.10796811591753,3.7287969924812,132,3
47,4,380.104939239262,0.000692520775623269,0.0391982390940328,5,2,0.0025859603994512,504,46,46,46,46,46,73,59,400,796,3.98,49,3.7287969924812,0.0211267605633803,7,0.0099749373433584,-0.10796811591753,3.7287969924812,132,3
48,4,292.674411726904,0.000667556742323097,0.0380827205796333,5,2,0.00255681142426635,411,47,47,47,47,47,73,53,400,796,3.98,49,3.7287969924812,0.0211267605633803,7,0.0099749373433584,-0.10796811591753,3.7287969924812,132,3
49,6,1305.89612456781,0.000774593338497289,0.148572145411529,5,2,0.00372883434949051,1460,48,48,48,48,48,61,50,400,796,3.98,49,3.7287969924812,0.0211267605633803,7,0.0099749373433584,-0.10796811591753,3.7287969924812,132,3
50,5,724.219698437412,0.000734214390602056,0.0692967235902186,5,2,0.00308234574913101,960,49,49,49,49,49,73,59,400,796,3.98,49,3.7287969924812,0.0211267605633803,7,0.0099749373433584,-0.10796811591753,3.7287969924812,132,3
51,3,371.516661009233,0.000771010023130301,0.12668914949906,5,2,0.00188733047472528,592,86,86,86,86,86,73,59,400,796,3.98,49,3.7287969924812,0.0211267605633803,7,0.0099749373433584,-0.10796811591753,3.7287969924812,132,3
52,4,522.004986739217,0.000691562932226833,0.0296244742014404,6,2,0.00247196943567125,441,50,50,50,50,50,73,59,400,796,3.98,49,3.7287969924812,0.0211267605633803,7,0.0099749373433584,-0.10796811591753,3.7287969924812,132,3
53,4,315.913875405005,0.000668449197860963,0.0307772362933122,6,2,0.00247042158977981,396,51,51,51,51,51,73,59,400,796,3.98,49,3.7287969924812,0.0211267605633803,7,0.0099749373433584,-0.10796811591753,3.7287969924812,132,3
54,11,1936.34990097661,0.0007627765064836,0.114931423210454,6,2,0.00626717514043328,2740,52,52,52,52,52,19,22,400,796,3.98,49,3.7287969924812,0.0211267605633803,7,0.0099749373433584,-0.10796811591753,3.7287969924812,132,3
55,2,51.25179463694,0.000738552437223043,0.0853506837233965,5,2,0.00130668838481994,249,86,86,86,86,86,73,59,400,796,3.98,49,3.7287969924812,0.0211267605633803,7,0.0099749373433584,-0.10796811591753,3.7287969924812,132,3
56,5,677.297126954797,0.00072992700729927,0.055046387864515,6,2,0.00302938200646607,908,53,53,53,53,53,73,59,400,796,3.98,49,3.7287969924812,0.0211267605633803,7,0.0099749373433584,-0.10796811591753,3.7287969924812,132,3
57,4,330.878912972992,0.000658327847267939,0.0259331065076254,6,2,0.00258873394762484,315,54,54,54,54,54,73,59,400,796,3.98,49,3.7287969924812,0.0211267605633803,7,0.0099749373433584,-0.10796811591753,3.7287969924812,132,3
58,8,1248.1705187832,0.000774593338497289,0.0957614671667565,5,2,0.00467939916136069,2121,55,55,55,55,55,33,59,400,796,3.98,49,3.7287969924812,0.0211267605633803,7,0.0099749373433584,-0.10796811591753,3.7287969924812,132,3
59,2,137.972835268671,0.000724112961622013,0.060725134490041,5,2,0.00132028169387614,223,86,86,86,86,86,73,59,400,796,3.98,49,3.7287969924812,0.0211267605633803,7,0.0099749373433584,-0.10796811591753,3.7287969924812,132,3
60,5,300.590894997035,0.000631313131313131,0.0250833159924484,6,2,0.00316526448577642,388,56,56,56,56,56,51,29,400,796,3.98,49,3.7287969924812,0.0211267605633803,7,0.0099749373433584,-0.10796811591753,3.7287969924812,132,3
61,3,136.04910484229,0.000734214390602056,0.0862923527833806,5,2,0.00189761636760847,470,86,86,86,86,86,73,59,400,796,3.98,49,3.7287969924812,0.0211267605633803,7,0.0099749373433584,-0.10796811591753,3.7287969924812,132,3
62,4,610.390307461026,0.000773993808049536,0.120625808630669,5,2,0.00240623900000218,918,57,57,57,57,57,73,59,400,796,3.98,49,3.7287969924812,0.0211267605633803,7,0.0099749373433584,-0.10796811591753,3.7287969924812,132,3
63,3,107.922440846577,0.000671591672263264,0.0374042089236813,6,2,0.0019403457676377,292,86,86,86,86,86,73,59,400,796,3.98,49,3.7287969924812,0.0211267605633803,7,0.0099749373433584,-0.10796811591753,3.7287969924812,132,3
64,9,1896.67241758589,0.000802568218298555,0.156168038301345,5,2,0.00550299721897792,2856,58,58,58,58,58,22,39,400,796,3.98,49,3.7287969924812,0.0211267605633803,7,0.0099749373433584,-0.10796811591753,3.7287969924812,132,3
65,9,1786.16605029352,0.000758725341426404,0.0702891166859679,5,2,0.00523631033459215,2048,59,59,59,59,59,34,34,400,796,3.98,49,3.7287969924812,0.0211267605633803,7,0.0099749373433584,-0.10796811591753,3.7287969924812,132,3
66,6,904.520893949119,0.000683060109289617,0.0355500956127988,5,2,0.00375596252931929,770,60,60,60,60,60,49,32,400,796,3.98,49,3.7287969924812,0.0211267605633803,7,0.0099749373433584,-0.10796811591753,3.7287969924812,132,3
67,9,958.002322456973,0.000678886625933469,0.0291825908685118,5,2,0.00540339987993715,1080,61,61,61,61,61,20,19,400,796,3.98,49,3.7287969924812,0.0211267605633803,7,0.0099749373433584,-0.10796811591753,3.7287969924812,132,3
68,5,842.387504583629,0.000816326530612245,0.181472292231932,5,2,0.00294159177211844,1508,62,62,62,62,62,73,59,400,796,3.98,49,3.7287969924812,0.0211267605633803,7,0.0099749373433584,-0.10796811591753,3.7287969924812,132,3
69,7,1301.02882141493,0.000798084596967279,0.185222872071243,5,2,0.00414452465496046,1950,63,63,63,63,63,45,45,400,796,3.98,49,3.7287969924812,0.0211267605633803,7,0.0099749373433584,-0.10796811591753,3.7287969924812,132,3
70,7,1125.22087561256,0.000774593338497289,0.100891696956659,5,2,0.00410013998987697,1872,64,64,64,64,64,46,59,400,796,3.98,49,3.7287969924812,0.0211267605633803,7,0.0099749373433584,-0.10796811591753,3.7287969924812,132,3
71,9,1575.79462463085,0.000760456273764259,0.0822036377364239,5,2,0.00533847344008487,2280,65,65,65,65,65,29,38,400,796,3.98,49,3.7287969924812,0.0211267605633803,7,0.0099749373433584,-0.10796811591753,3.7287969924812,132,3
72,5,696.709428426689,0.000710732054015636,0.0524631462209404,5,2,0.00309452677853284,724,66,66,66,66,66,73,59,400,796,3.98,49,3.7287969924812,0.0211267605633803,7,0.0099749373433584,-0.10796811591753,3.7287969924812,132,3
73,3,244.212745351091,0.000692041522491349,0.0355676033318662,5,2,0.00193529778382447,328,86,86,86,86,86,73,59,400,796,3.98,49,3.7287969924812,0.0211267605633803,7,0.0099749373433584,-0.10796811591753,3.7287969924812,132,3
74,4,398.693677825443,0.000716845878136201,0.0770481194880892,5,2,0.0024941595110704,573,67,67,67,67,67,73,59,400,796,3.98,49,3.7287969924812,0.0211267605633803,7,0.0099749373433584,-0.10796811591753,3.7287969924812,132,3
75,5,503.416709115269,0.000664010624169987,0.0317909176994772,6,2,0.00307495989767315,528,68,68,68,68,68,60,46,400,796,3.98,49,3.7287969924812,0.0211267605633803,7,0.0099749373433584,-0.10796811591753,3.7287969924812,132,3
76,2,33.2776310683354,0.00066577896138482,0.0375243015413036,6,2,0.00132715750065002,137,86,86,86,86,86,73,59,400,796,3.98,49,3.7287969924812,0.0211267605633803,7,0.0099749373433584,-0.10796811591753,3.7287969924812,132,3
77,3,460.305390225132,0.00075642965204236,0.127449534159852,5,2,0.0019985127485605,550,69,69,69,69,69,73,59,400,796,3.98,49,3.7287969924812,0.0211267605633803,7,0.0099749373433584,-0.10796811591753,3.7287969924812,132,3
78,3,148.296742679281,0.00070323488045007,0.0481925357890402,5,2,0.00189495401009483,382,86,86,86,86,86,73,59,400,796,3.98,49,3.7287969924812,0.0211267605633803,7,0.0099749373433584,-0.10796811591753,3.7287969924812,132,3
79,3,228.33427825318,0.000698812019566737,0.0459142519797989,5,2,0.00195592884732546,352,86,86,86,86,86,73,59,400,796,3.98,49,3.7287969924812,0.0211267605633803,7,0.0099749373433584,-0.10796811591753,3.7287969924812,132,3
80,7,1291.23207322275,0.000788643533123028,0.158290970343645,5,2,0.00415716272670949,1908,86,86,86,86,86,44,40,400,796,3.98,49,3.7287969924812,0.0211267605633803,7,0.0099749373433584,-0.10796811591753,3.7287969924812,132,3
81,4,316.684852903574,0.000710227272727273,0.0437002178149569,6,2,0.00249962494608879,591,86,86,86,86,86,73,59,400,796,3.98,49,3.7287969924812,0.0211267605633803,7,0.0099749373433584,-0.10796811591753,3.7287969924812,132,3
82,2,0,0.000789889415481833,0.167419901158058,5,2,0.00128908294627974,340,86,86,86,86,86,73,59,400,796,3.98,49,3.7287969924812,0.0211267605633803,7,0.0099749373433584,-0.10796811591753,3.7287969924812,132,3
83,2,59.5527983983008,0.000717875089734386,0.0620346143731525,6,2,0.00130391478453262,242,86,86,86,86,86,73,59,400,796,3.98,49,3.7287969924812,0.0211267605633803,7,0.0099749373433584,-0.10796811591753,3.7287969924812,132,3
84,5,464.896308979978,0.000676132521974307,0.0428408885872912,6,2,0.00319472501113856,592,70,70,70,70,70,48,51,400,796,3.98,49,3.7287969924812,0.0211267605633803,7,0.0099749373433584,-0.10796811591753,3.7287969924812,132,3
85,3,170.145669810066,0.000660501981505945,0.0304057039742841,6,2,0.0019690676918059,248,86,86,86,86,86,73,59,400,796,3.98,49,3.7287969924812,0.0211267605633803,7,0.0099749373433584,-0.10796811591753,3.7287969924812,132,3
86,9,1566.99233472307,0.000769230769230769,0.111864910969651,5,2,0.00536708746816029,2304,71,71,71,71,71,28,28,400,796,3.98,49,3.7287969924812,0.0211267605633803,7,0.0099749373433584,-0.10796811591753,3.7287969924812,132,3
87,3,211.145145050044,0.000763358778625954,0.103210502382279,5,2,0.00188704102088489,614,86,86,86,86,86,73,59,400,796,3.98,49,3.7287969924812,0.0211267605633803,7,0.0099749373433584,-0.10796811591753,3.7287969924812,132,3
88,2,106.328560618504,0.000659630606860158,0.0295278609747072,6,2,0.00136357739774963,130,86,86,86,86,86,73,59,400,796,3.98,49,3.7287969924812,0.0211267605633803,7,0.0099749373433584,-0.10796811591753,3.7287969924812,132,3
89,6,836.442651263804,0.000668002672010688,0.0355853545270436,5,2,0.00377760699060583,720,72,72,72,72,72,40,24,400,796,3.98,49,3.7287969924812,0.0211267605633803,7,0.0099749373433584,-0.10796811591753,3.7287969924812,132,3
90,5,330.39184311863,0.000693000693000693,0.0390829743287175,5,2,0.003042467294546,684,73,73,73,73,73,73,59,400,796,3.98,49,3.7287969924812,0.0211267605633803,7,0.0099749373433584,-0.10796811591753,3.7287969924812,132,3
91,3,101.604271094403,0.000671140939597316,0.0511825162776103,6,2,0.00194019933460824,312,86,86,86,86,86,73,59,400,796,3.98,49,3.7287969924812,0.0211267605633803,7,0.0099749373433584,-0.10796811591753,3.7287969924812,132,3
92,2,76.2148712398712,0.000629326620516048,0.0225693576141322,6,2,0.00139258806186826,96,86,86,86,86,86,73,59,400,796,3.98,49,3.7287969924812,0.0211267605633803,7,0.0099749373433584,-0.10796811591753,3.7287969924812,132,3
93,2,116.542818292818,0.000721500721500722,0.0600721501409673,5,2,0.00138577432480758,207,86,86,86,86,86,73,59,400,796,3.98,49,3.7287969924812,0.0211267605633803,7,0.0099749373433584,-0.10796811591753,3.7287969924812,132,3
94,5,503.2373763725,0.000653167864141084,0.0221749382730085,6,2,0.00315916480517021,448,74,74,74,74,74,73,59,400,796,3.98,49,3.7287969924812,0.0211267605633803,7,0.0099749373433584,-0.10796811591753,3.7287969924812,132,3
95,6,792.275352055925,0.00080450522928399,0.195127640207668,5,2,0.00366445807615939,1760,75,75,75,75,75,53,59,400,796,3.98,49,3.7287969924812,0.0211267605633803,7,0.0099749373433584,-0.10796811591753,3.7287969924812,132,3
96,3,234.946080430577,0.000690131124913734,0.0470450191808749,6,2,0.00198164650734545,360,86,86,86,86,86,73,59,400,796,3.98,49,3.7287969924812,0.0211267605633803,7,0.0099749373433584,-0.10796811591753,3.7287969924812,132,3
97,6,879.230148373259,0.000752445447705041,0.102625393328527,5,2,0.00354718928531165,1285,76,76,76,76,76,67,57,400,796,3.98,49,3.7287969924812,0.0211267605633803,7,0.0099749373433584,-0.10796811591753,3.7287969924812,132,3
98,2,59.086043408427,0.000617283950617284,0.0153108870251736,6,2,0.0014052587105816,80,86,86,86,86,86,73,59,400,796,3.98,49,3.7287969924812,0.0211267605633803,7,0.0099749373433584,-0.10796811591753,3.7287969924812,132,3
99,4,676.657984751174,0.000809716599190283,0.151657224250116,5,2,0.00248468456514196,1137,86,86,86,86,86,73,59,400,796,3.98,49,3.7287969924812,0.0211267605633803,7,0.0099749373433584,-0.10796811591753,3.7287969924812,132,3
100,2,37.8964923638453,0.000642260757867694,0.0224898783826284,6,2,0.00138398799217393,106,86,86,86,86,86,73,59,400,796,3.98,49,3.7287969924812,0.0211267605633803,7,0.0099749373433584,-0.10796811591753,3.7287969924812,132,3
101,6,1211.38625883403,0.00076219512195122,0.10246407652448,5,2,0.00361228785656759,1355,77,77,77,77,77,73,42,400,796,3.98,49,3.7287969924812,0.0211267605633803,7,0.0099749373433584,-0.10796811591753,3.7287969924812,132,3
102,4,238.383571419569,0.000638569604086845,0.0150245125301703,6,2,0.00256627308153911,288,86,86,86,86,86,73,59,400,796,3.98,49,3.7287969924812,0.0211267605633803,7,0.0099749373433584,-0.10796811591753,3.7287969924812,132,3
103,4,512.959238137781,0.00068073519400953,0.039789579598905,5,2,0.00260170910961165,447,86,86,86,86,86,73,59,400,796,3.98,49,3.7287969924812,0.0211267605633803,7,0.0099749373433584,-0.10796811591753,3.7287969924812,132,3
104,4,402.705797065491,0.000731528895391368,0.0747799621214547,5,2,0.00253980476659217,651,86,86,86,86,86,73,59,400,796,3.98,49,3.7287969924812,0.0211267605633803,7,0.0099749373433584,-0.10796811591753,3.7287969924812,132,3
105,2,68.0101434560768,0.000639386189258312,0.0276917881833208,6,2,0.00141648933508671,111,86,86,86,86,86,73,59,400,796,3.98,49,3.7287969924812,0.0211267605633803,7,0.0099749373433584,-0.10796811591753,3.7287969924812,132,3
106,4,459.560341811139,0.000766871165644172,0.0868249008366814,5,2,0.00247594527457248,906,86,86,86,86,86,73,59,400,796,3.98,49,3.7287969924812,0.0211267605633803,7,0.0099749373433584,-0.10796811591753,3.7287969924812,132,3
107,7,946.13939090474,0.000711743772241993,0.0489571863513738,5,2,0.00425714743017081,1050,86,86,86,86,86,43,27,400,796,3.98,49,3.7287969924812,0.0211267605633803,7,0.0099749373433584,-0.10796811591753,3.7287969924812,132,3
108,3,126.53585329703,0.000611620795107034,0.013080550437432,6,2,0.00205688093318633,142,86,86,86,86,86,64,59,400,796,3.98,49,3.7287969924812,0.0211267605633803,7,0.0099749373433584,-0.10796811591753,3.7287969924812,132,3
109,3,319.331379210333,0.000720461095100865,0.0712362883838744,5,2,0.00197239097907538,452,86,86,86,86,86,73,59,400,796,3.98,49,3.7287969924812,0.0211267605633803,7,0.0099749373433584,-0.10796811591753,3.7287969924812,132,3
110,3,239.693497575696,0.000684931506849315,0.0429695736503734,6,2,0.0019952871125064,330,86,86,86,86,86,73,59,400,796,3.98,49,3.7287969924812,0.0211267605633803,7,0.0099749373433584,-0.10796811591753,3.7287969924812,132,3
111,4,415.430008708668,0.000744601638123604,0.0963385661492647,5,2,0.0024912903771759,744,86,86,86,86,86,73,59,400,796,3.98,49,3.7287969924812,0.0211267605633803,7,0.0099749373433584,-0.10796811591753,3.7287969924812,132,3
112,2,194.412154178686,0.000722021660649819,0.0573237278090438,5,2,0.00138159076975126,205,86,86,86,86,86,73,59,400,796,3.98,49,3.7287969924812,0.0211267605633803,7,0.0099749373433584,-0.10796811591753,3.7287969924812,132,3
113,3,73.6952758959382,0.000641025641025641,0.036552550543798,6,2,0.0020081710464228,202,86,86,86,86,86,65,59,400,796,3.98,49,3.7287969924812,0.0211267605633803,7,0.0099749373433584,-0.10796811591753,3.7287969924812,132,3
114,3,400.909295354462,0.00075187969924812,0.126885298480742,5,2,0.001955128655005,550,86,86,86,86,86,73,59,400,796,3.98,49,3.7287969924812,0.0211267605633803,7,0.0099749373433584,-0.10796811591753,3.7287969924812,132,3
115,2,71.6549319480223,0.000774593338497289,0.133660241259955,5,2,0.00130683282204575,329,86,86,86,86,86,73,59,400,796,3.98,49,3.7287969924812,0.0211267605633803,7,0.0099749373433584,-0.10796811591753,3.7287969924812,132,3
116,4,430.925753156423,0.000722021660649819,0.0477125266780622,6,2,0.00245574680717727,615,86,86,86,86,86,73,59,400,796,3.98,49,3.7287969924812,0.0211267605633803,7,0.0099749373433584,-0.10796811591753,3.7287969924812,132,3
117,4,396.477833115457,0.000733675715333822,0.093560829832102,5,2,0.00250575360210725,720,86,86,86,86,86,73,59,400,796,3.98,49,3.7287969924812,0.0211267605633803,7,0.0099749373433584,-0.10796811591753,3.7287969924812,132,3
118,8,991.792830451106,0.000693481276005548,0.0504128205484993,6,2,0.00506233737984435,1113,86,86,86,86,86,27,43,400,796,3.98,49,3.7287969924812,0.0211267605633803,7,0.0099749373433584,-0.10796811591753,3.7287969924812,132,3
119,6,675.921293786268,0.000707714083510262,0.0502756622395721,5,2,0.00372151765853247,925,86,86,86,86,86,50,59,400,796,3.98,49,3.7287969924812,0.0211267605633803,7,0.0099749373433584,-0.10796811591753,3.7287969924812,132,3
120,2,0,0.000750750750750751,0.137009134732895,5,2,0.0013263616030515,269,86,86,86,86,86,73,59,400,796,3.98,49,3.7287969924812,0.0211267605633803,7,0.0099749373433584,-0.10796811591753,3.7287969924812,132,3
121,5,482.398609491207,0.000628930817610063,0.0254319100059894,6,2,0.00319295543859482,408,78,78,78,78,78,73,59,400,796,3.98,49,3.7287969924812,0.0211267605633803,7,0.0099749373433584,-0.10796811591753,3.7287969924812,132,3
122,4,226.221499098279,0.000616903146206046,0.0183442351007724,6,2,0.00266221361465877,231,86,86,86,86,86,58,59,400,796,3.98,49,3.7287969924812,0.0211267605633803,7,0.0099749373433584,-0.10796811591753,3.7287969924812,132,3
123,4,660.090451390428,0.000718907260963336,0.0602601428570461,5,2,0.00254733457879811,600,79,79,79,79,79,73,59,400,796,3.98,49,3.7287969924812,0.0211267605633803,7,0.0099749373433584,-0.10796811591753,3.7287969924812,132,3
124,6,723.050944682253,0.00069060773480663,0.0384632353520884,6,2,0.0037629161314427,785,80,80,80,80,80,55,41,400,796,3.98,49,3.7287969924812,0.0211267605633803,7,0.0099749373433584,-0.10796811591753,3.7287969924812,132,3
125,6,952.620057680681,0.000742390497401633,0.0813540735568956,5,2,0.00364564845777423,1225,81,81,81,81,81,56,59,400,796,3.98,49,3.7287969924812,0.0211267605633803,7,0.0099749373433584,-0.10796811591753,3.7287969924812,132,3
126,3,289.240369408713,0.000707213578500707,0.0557085272444268,5,2,0.00194396123996486,400,86,86,86,86,86,73,59,400,796,3.98,49,3.7287969924812,0.0211267605633803,7,0.0099749373433584,-0.10796811591753,3.7287969924812,132,3
127,4,201.064522245265,0.000626174076393237,0.0138079052746896,6,2,0.00259486258726772,228,86,86,86,86,86,73,59,400,796,3.98,49,3.7287969924812,0.0211267605633803,7,0.0099749373433584,-0.10796811591753,3.7287969924812,132,3
128,3,355.23815572825,0.000670690811535882,0.0325269542749035,6,2,0.00200455596065605,286,86,86,86,86,86,73,59,400,796,3.98,49,3.7287969924812,0.0211267605633803,7,0.0099749373433584,-0.10796811591753,3.7287969924812,132,3
129,3,173.812040737041,0.000595592614651578,0.011668946109946,6,2,0.00211174745486796,120,86,86,86,86,86,73,59,400,796,3.98,49,3.7287969924812,0.0211267605633803,7,0.0099749373433584,-0.10796811591753,3.7287969924812,132,3
130,3,366.39830249437,0.000715307582260372,0.0488038277665556,5,2,0.00198295463443568,410,86,86,86,86,86,73,59,400,796,3.98,49,3.7287969924812,0.0211267605633803,7,0.0099749373433584,-0.10796811591753,3.7287969924812,132,3
131,4,303.702547604519,0.000732600732600733,0.0707619699514804,5,2,0.00249192692317141,675,86,86,86,86,86,73,59,400,796,3.98,49,3.7287969924812,0.0211267605633803,7,0.0099749373433584,-0.10796811591753,3.7287969924812,132,3
132,3,56.5097601070427,0.000638569604086845,0.0239279716611184,6,2,0.00202546988638958,224,86,86,86,86,86,73,59,400,796,3.98,49,3.7287969924812,0.0211267605633803,7,0.0099749373433584,-0.10796811591753,3.7287969924812,132,3
133,7,822.649930233165,0.000697836706210747,0.0563097696787723,5,2,0.00427335570326497,1104,86,86,86,86,86,35,30,400,796,3.98,49,3.7287969924812,0.0211267605633803,7,0.0099749373433584,-0.10796811591753,3.7287969924812,132,3
134,2,28.022133727126,0.000683060109289617,0.0597177306769437,6,2,0.00135088098827006,182,86,86,86,86,86,73,59,400,796,3.98,49,3.7287969924812,0.0211267605633803,7,0.0099749373433584,-0.10796811591753,3.7287969924812,132,3
135,2,30.2084415584416,0.000581057524694945,0.00870286234707706,6,2,0.00145140221294428,48,86,86,86,86,86,73,59,400,796,3.98,49,3.7287969924812,0.0211267605633803,7,0.0099749373433584,-0.10796811591753,3.7287969924812,132,3
136,6,1063.1927101149,0.000747384155455904,0.0908409925453477,5,2,0.00369627483879756,1250,86,86,86,86,86,73,59,400,796,3.98,49,3.7287969924812,0.0211267605633803,7,0.0099749373433584,-0.10796811591753,3.7287969924812,132,3
137,5,808.032115841351,0.000732600732600733,0.0658594970265819,5,2,0.00310377371775026,868,82,82,82,82,82,73,59,400,796,3.98,49,3.7287969924812,0.0211267605633803,7,0.0099749373433584,-0.10796811591753,3.7287969924812,132,3
138,3,216.055484744301,0.0007097232079489,0.0478712519002159,5,2,0.00196789503900589,390,86,86,86,86,86,73,59,400,796,3.98,49,3.7287969924812,0.0211267605633803,7,0.0099749373433584,-0.10796811591753,3.7287969924812,132,3
139,6,557.17989361978,0.000683526999316473,0.038241314606999,5,2,0.00368251682068011,755,86,86,86,86,86,37,33,400,796,3.98,49,3.7287969924812,0.0211267605633803,7,0.0099749373433584,-0.10796811591753,3.7287969924812,132,3
140,3,285.021431372205,0.000732064421669107,0.0666186192245039,5,2,0.00194175067436365,464,86,86,86,86,86,73,59,400,796,3.98,49,3.7287969924812,0.0211267605633803,7,0.0099749373433584,-0.10796811591753,3.7287969924812,132,3
141,2,21.0106840656763,0.000632511068943707,0.0257848107055107,6,2,0.00139808499090755,109,86,86,86,86,86,73,59,400,796,3.98,49,3.7287969924812,0.0211267605633803,7,0.0099749373433584,-0.10796811591753,3.7287969924812,132,3
142,2,17.0018253805019,0.000635727908455181,0.0217779030019411,6,2,0.00138785610457838,96,86,86,86,86,86,73,59,400,796,3.98,49,3.7287969924812,0.0211267605633803,7,0.0099749373433584,-0.10796811591753,3.7287969924812,132,3
143,3,159.395513300482,0.000632511068943707,0.0182470695181097,6,2,0.0019775062497289,168,86,86,86,86,86,73,59,400,796,3.98,49,3.7287969924812,0.0211267605633803,7,0.0099749373433584,-0.10796811591753,3.7287969924812,132,3
144,2,60.270616152692,0.000736377025036819,0.0801173657553847,5,2,0.00130842309697604,227,86,86,86,86,86,73,59,400,796,3.98,49,3.7287969924812,0.0211267605633803,7,0.0099749373433584,-0.10796811591753,3.7287969924812,132,3
145,2,42.5769954072266,0.00068870523415978,0.0356367140855243,5,2,0.00133297931819116,174,86,86,86,86,86,73,59,400,796,3.98,49,3.7287969924812,0.0211267605633803,7,0.0099749373433584,-0.10796811591753,3.7287969924812,132,3
146,2,18.4451147238218,0.000643915003219575,0.0287794988916708,6,2,0.00134643321162115,126,86,86,86,86,86,73,59,400,796,3.98,49,3.7287969924812,0.0211267605633803,7,0.0099749373433584,-0.10796811591753,3.7287969924812,132,3
147,5,465.84478882576,0.000657030223390276,0.0297878418476409,6,2,0.00310761808693701,500,83,83,83,83,83,73,59,400,796,3.98,49,3.7287969924812,0.0211267605633803,7,0.0099749373433584,-0.10796811591753,3.7287969924812,132,3
148,6,336.371272852673,0.000643500643500643,0.0356587501649308,6,2,0.00376985397704946,560,86,86,86,86,86,38,35,400,796,3.98,49,3.7287969924812,0.0211267605633803,7,0.0099749373433584,-0.10796811591753,3.7287969924812,132,3
149,4,387.522280898372,0.000643500643500643,0.0175912878480574,6,2,0.00262833523973436,276,86,86,86,86,86,73,59,400,796,3.98,49,3.7287969924812,0.0211267605633803,7,0.0099749373433584,-0.10796811591753,3.7287969924812,132,3
150,5,670.723503701172,0.000711237553342816,0.0606017724021318,6,2,0.00303834998336394,908,86,86,86,86,86,69,59,400,796,3.98,49,3.7287969924812,0.0211267605633803,7,0.0099749373433584,-0.10796811591753,3.7287969924812,132,3
151,4,410.411782233536,0.000775795190069822,0.148481653520877,5,2,0.00252229631852461,942,86,86,86,86,86,73,59,400,796,3.98,49,3.7287969924812,0.0211267605633803,7,0.0099749373433584,-0.10796811591753,3.7287969924812,132,3
152,2,99.6098103650735,0.000745712155108128,0.120746273009891,5,2,0.00136862904406264,263,86,86,86,86,86,73,59,400,796,3.98,49,3.7287969924812,0.0211267605633803,7,0.0099749373433584,-0.10796811591753,3.7287969924812,132,3
153,4,437.717841458159,0.000702740688685875,0.0394377790184321,5,2,0.00256381770704211,531,86,86,86,86,86,73,59,400,796,3.98,49,3.7287969924812,0.0211267605633803,7,0.0099749373433584,-0.10796811591753,3.7287969924812,132,3
154,2,29.9636002886003,0.0005941770647653,0.0136103295280537,6,2,0.0014368721239606,58,86,86,86,86,86,73,59,400,796,3.98,49,3.7287969924812,0.0211267605633803,7,0.0099749373433584,-0.10796811591753,3.7287969924812,132,3
155,2,0,0.000748502994011976,0.131691436210617,5,2,0.00133826930704425,267,86,86,86,86,86,73,59,400,796,3.98,49,3.7287969924812,0.0211267605633803,7,0.0099749373433584,-0.10796811591753,3.7287969924812,132,3
156,3,90.7642309711273,0.000630517023959647,0.0273744607867839,6,2,0.00207518868719848,204,86,86,86,86,86,73,59,400,796,3.98,49,3.7287969924812,0.0211267605633803,7,0.0099749373433584,-0.10796811591753,3.7287969924812,132,3
157,3,220.958017771541,0.00062111801242236,0.0156377266428225,6,2,0.00204127277343218,132,86,86,86,86,86,73,59,400,796,3.98,49,3.7287969924812,0.0211267605633803,7,0.0099749373433584,-0.10796811591753,3.7287969924812,132,3
158,3,342.592793317793,0.000738007380073801,0.0742212805827795,5,2,0.00199803362604528,522,86,86,86,86,86,73,59,400,796,3.98,49,3.7287969924812,0.0211267605633803,7,0.0099749373433584,-0.10796811591753,3.7287969924812,132,3
159,2,31.8003928389529,0.000677506775067751,0.0392070679397644,6,2,0.00138898680467723,157,86,86,86,86,86,73,59,400,796,3.98,49,3.7287969924812,0.0211267605633803,7,0.0099749373433584,-0.10796811591753,3.7287969924812,132,3
160,3,132.699010890867,0.000751314800901578,0.132533413998639,5,2,0.00187735039602706,542,86,86,86,86,86,73,59,400,796,3.98,49,3.7287969924812,0.0211267605633803,7,0.0099749373433584,-0.10796811591753,3.7287969924812,132,3
161,2,61.0080131555751,0.000596302921884317,0.00843423835921066,6,2,0.00138914457116826,59,86,86,86,86,86,73,59,400,796,3.98,49,3.7287969924812,0.0211267605633803,7,0.0099749373433584,-0.10796811591753,3.7287969924812,132,3
162,2,43.6074885087717,0.000725689404934688,0.0651908736884804,5,2,0.00131608936694319,211,86,86,86,86,86,73,59,400,796,3.98,49,3.7287969924812,0.0211267605633803,7,0.0099749373433584,-0.10796811591753,3.7287969924812,132,3
163,3,154.99624770214,0.00078740157480315,0.146367017995193,5,2,0.00188356945598995,664,86,86,86,86,86,73,59,400,796,3.98,49,3.7287969924812,0.0211267605633803,7,0.0099749373433584,-0.10796811591753,3.7287969924812,132,3
164,5,431.592935943947,0.000679347826086957,0.0352776242927231,6,2,0.00315155542919572,564,86,86,86,86,86,73,59,400,796,3.98,49,3.7287969924812,0.0211267605633803,7,0.0099749373433584,-0.10796811591753,3.7287969924812,132,3
165,2,15.1525311962383,0.000630119722747322,0.038896186855587,6,2,0.00140304995075848,94,86,86,86,86,86,73,59,400,796,3.98,49,3.7287969924812,0.0211267605633803,7,0.0099749373433584,-0.10796811591753,3.7287969924812,132,3
166,5,549.798859064899,0.00074794315632012,0.0774358035843571,6,2,0.00305217268155953,1108,86,86,86,86,86,73,59,400,796,3.98,49,3.7287969924812,0.0211267605633803,7,0.0099749373433584,-0.10796811591753,3.7287969924812,132,3
167,3,198.727566514863,0.00068870523415978,0.0462927204361145,5,2,0.00193530623494344,354,86,86,86,86,86,73,59,400,796,3.98,49,3.7287969924812,0.0211267605633803,7,0.0099749373433584,-0.10796811591753,3.7287969924812,132,3
168,2,82.3104658484454,0.000589275191514437,0.00856972429809223,6,2,0.00141607802333547,70,86,86,86,86,86,73,59,400,796,3.98,49,3.7287969924812,0.0211267605633803,7,0.0099749373433584,-0.10796811591753,3.7287969924812,132,3
169,2,48.6951320768964,0.000746825989544436,0.0912580649354523,6,2,0.0012873613978168,284,86,86,86,86,86,73,59,400,796,3.98,49,3.7287969924812,0.0211267605633803,7,0.0099749373433584,-0.10796811591753,3.7287969924812,132,3
170,2,37.4142595536558,0.000657462195923734,0.0295409865731578,6,2,0.00132819347312089,133,86,86,86,86,86,73,59,400,796,3.98,49,3.7287969924812,0.0211267605633803,7,0.0099749373433584,-0.10796811591753,3.7287969924812,132,3
171,3,194.254170782143,0.000599161174355902,0.00899912051128332,6,2,0.00210565972599113,100,86,86,86,86,86,73,59,400,796,3.98,49,3.7287969924812,0.0211267605633803,7,0.0099749373433584,-0.10796811591753,3.7287969924812,132,3
172,7,749.805286934951,0.000679809653297077,0.032713792669711,6,2,0.00427103763889322,918,86,86,86,86,86,42,59,400,796,3.98,49,3.7287969924812,0.0211267605633803,7,0.0099749373433584,-0.10796811591753,3.7287969924812,132,3
173,2,0,0.000694444444444444,0.0556507368965687,5,2,0.00134378906550458,174,86,86,86,86,86,73,59,400,796,3.98,49,3.7287969924812,0.0211267605633803,7,0.0099749373433584,-0.10796811591753,3.7287969924812,132,3
174,2,63.4333970495735,0.000637348629700446,0.0188790558081352,6,2,0.00136672658138378,99,86,86,86,86,86,73,59,400,796,3.98,49,3.7287969924812,0.0211267605633803,7,0.0099749373433584,-0.10796811591753,3.7287969924812,132,3
175,5,704.359180102887,0.000731528895391368,0.075844007694363,5,2,0.00320103319120121,964,86,86,86,86,86,47,59,400,796,3.98,49,3.7287969924812,0.0211267605633803,7,0.0099749373433584,-0.10796811591753,3.7287969924812,132,3
176,2,28.5924831024096,0.000573394495412844,0.00970309098044442,6,2,0.00145440356057654,48,86,86,86,86,86,73,59,400,796,3.98,49,3.7287969924812,0.0211267605633803,7,0.0099749373433584,-0.10796811591753,3.7287969924812,132,3
177,2,21.3316174164,0.00060790273556231,0.020149550959656,6,2,0.00147197362161864,78,86,86,86,86,86,73,59,400,796,3.98,49,3.7287969924812,0.0211267605633803,7,0.0099749373433584,-0.10796811591753,3.7287969924812,132,3
178,2,85.9647396433303,0.000675219446320054,0.0359895249805724,6,2,0.00133531436800517,135,86,86,86,86,86,73,59,400,796,3.98,49,3.7287969924812,0.0211267605633803,7,0.0099749373433584,-0.10796811591753,3.7287969924812,132,3
179,2,186.730041512719,0.000699790062981106,0.0504948403591087,5,2,0.00138447625121846,182,86,86,86,86,86,73,59,400,796,3.98,49,3.7287969924812,0.0211267605633803,7,0.0099749373433584,-0.10796811591753,3.7287969924812,132,3
180,2,56.9970328761889,0.000654878847413228,0.0244029319167224,6,2,0.00134733776786508,125,86,86,86,86,86,73,59,400,796,3.98,49,3.7287969924812,0.0211267605633803,7,0.0099749373433584,-0.10796811591753,3.7287969924812,132,3
181,3,32.1089371957019,0.000654450261780105,0.0300734667388393,6,2,0.00202598072387136,254,86,86,86,86,86,73,59,400,796,3.98,49,3.7287969924812,0.0211267605633803,7,0.0099749373433584,-0.10796811591753,3.7287969924812,132,3
182,2,131.069562448091,0.000681198910081744,0.0310556554065322,6,2,0.00135758545969976,153,86,86,86,86,86,73,59,400,796,3.98,49,3.7287969924812,0.0211267605633803,7,0.0099749373433584,-0.10796811591753,3.7287969924812,132,3
183,2,34.8700178906061,0.000607164541590771,0.0136225818012153,6,2,0.00142454665013989,67,86,86,86,86,86,73,59,400,796,3.98,49,3.7287969924812,0.0211267605633803,7,0.0099749373433584,-0.10796811591753,3.7287969924812,132,3
184,3,110.618811232627,0.000627746390458255,0.0191740279056068,6,2,0.00203968377727371,176,86,86,86,86,86,73,59,400,796,3.98,49,3.7287969924812,0.0211267605633803,7,0.0099749373433584,-0.10796811591753,3.7287969924812,132,3
185,2,55.51554264449,0.000576701268742791,0.00868012014275585,6,2,0.00146297931047874,53,86,86,86,86,86,73,59,400,796,3.98,49,3.7287969924812,0.0211267605633803,7,0.0099749373433584,-0.10796811591753,3.7287969924812,132,3
186,3,309.585500168047,0.000696378830083566,0.0566262533639207,5,2,0.00198944065909259,350,86,86,86,86,86,73,59,400,796,3.98,49,3.7287969924812,0.0211267605633803,7,0.0099749373433584,-0.10796811591753,3.7287969924812,132,3
187,3,142.55708344682,0.000755287009063444,0.0891940910768543,5,2,0.00188728386744656,542,86,86,86,86,86,73,59,400,796,3.98,49,3.7287969924812,0.0211267605633803,7,0.0099749373433584,-0.10796811591753,3.7287969924812,132,3
188,4,121.147215535377,0.000610873549175321,0.0147561353456291,6,2,0.00262933100750271,228,84,84,84,84,84,57,36,400,796,3.98,49,3.7287969924812,0.0211267605633803,7,0.0099749373433584,-0.10796811591753,3.7287969924812,132,3
189,3,327.269509822187,0.000711743772241993,0.0462449657918534,5,2,0.00199904628966182,382,86,86,86,86,86,73,59,400,796,3.98,49,3.7287969924812,0.0211267605633803,7,0.0099749373433584,-0.10796811591753,3.7287969924812,132,3
190,4,209.162990757952,0.000623052959501558,0.0234180460202167,7,2,0.00256656898823462,237,86,86,86,86,86,68,59,400,796,3.98,49,3.7287969924812,0.0211267605633803,7,0.0099749373433584,-0.10796811591753,3.7287969924812,132,3
191,3,137.780607156372,0.000635727908455181,0.0189654182984073,6,2,0.00201461131333183,176,86,86,86,86,86,73,59,400,796,3.98,49,3.7287969924812,0.0211267605633803,7,0.0099749373433584,-0.10796811591753,3.7287969924812,132,3
192,2,63.8511607444395,0.000624609618988132,0.019413022508947,6,2,0.00144030954972422,89,86,86,86,86,86,73,59,400,796,3.98,49,3.7287969924812,0.0211267605633803,7,0.0099749373433584,-0.10796811591753,3.7287969924812,132,3
193,3,191.05808344871,0.000623441396508728,0.0173133305486985,6,2,0.00197689421641339,170,86,86,86,86,86,73,59,400,796,3.98,49,3.7287969924812,0.0211267605633803,7,0.0099749373433584,-0.10796811591753,3.7287969924812,132,3
194,3,42.5883658008658,0.000639386189258312,0.0219095826914593,6,2,0.00197448046469281,208,86,86,86,86,86,73,59,400,796,3.98,49,3.7287969924812,0.0211267605633803,7,0.0099749373433584,-0.10796811591753,3.7287969924812,132,3
195,2,21.3131417988616,0.000666666666666667,0.0306509428472624,6,2,0.00135150270609841,133,86,86,86,86,86,73,59,400,796,3.98,49,3.7287969924812,0.0211267605633803,7,0.0099749373433584,-0.10796811591753,3.7287969924812,132,3
196,3,128.250325779388,0.000638977635782748,0.0229680830496733,6,2,0.00199196292203617,202,86,86,86,86,86,73,59,400,796,3.98,49,3.7287969924812,0.0211267605633803,7,0.0099749373433584,-0.10796811591753,3.7287969924812,132,3
197,2,73.5440887407625,0.000801924619085806,0.169310128375277,5,2,0.00129472871586806,353,86,86,86,86,86,73,59,400,796,3.98,49,3.7287969924812,0.0211267605633803,7,0.0099749373433584,-0.10796811591753,3.7287969924812,132,3
198,2,72.5166869622752,0.000687285223367698,0.0424946291768483,6,2,0.00134651919157832,161,86,86,86,86,86,73,59,400,796,3.98,49,3.7287969924812,0.0211267605633803,7,0.0099749373433584,-0.10796811591753,3.7287969924812,132,3
199,4,237.714233317623,0.000710732054015636,0.0929634346096187,5,2,0.0025508217942261,585,86,86,86,86,86,73,59,400,796,3.98,49,3.7287969924812,0.0211267605633803,7,0.0099749373433584,-0.10796811591753,3.7287969924812,132,3
200,3,255.01173571011,0.000704721634954193,0.04505302386299,6,2,0.00192507301282589,366,86,86,86,86,86,73,59,400,796,3.98,49,3.7287969924812,0.0211267605633803,7,0.0099749373433584,-0.10796811591753,3.7287969924812,132,3
201,2,26.4330086580087,0.000584453535943892,0.00805272975158757,6,2,0.00144285911461673,42,86,86,86,86,86,73,59,400,796,3.98,49,3.7287969924812,0.0211267605633803,7,0.0099749373433584,-0.10796811591753,3.7287969924812,132,3
202,4,643.440453688263,0.000758150113722517,0.12362968194061,5,2,0.00252142622561478,843,86,86,86,86,86,73,59,400,796,3.98,49,3.7287969924812,0.0211267605633803,7,0.0099749373433584,-0.10796811591753,3.7287969924812,132,3
203,3,185.098707779013,0.000771010023130301,0.121456977549076,5,2,0.00185479224620398,606,86,86,86,86,86,73,59,400,796,3.98,49,3.7287969924812,0.0211267605633803,7,0.0099749373433584,-0.10796811591753,3.7287969924812,132,3
204,2,70.0115683121488,0.000723589001447178,0.0605840008405995,5,2,0.00136742804096808,223,86,86,86,86,86,73,59,400,796,3.98,49,3.7287969924812,0.0211267605633803,7,0.0099749373433584,-0.10796811591753,3.7287969924812,132,3
205,2,52.0681121112004,0.000636942675159236,0.0210585764192127,6,2,0.00135382213588637,105,86,86,86,86,86,73,59,400,796,3.98,49,3.7287969924812,0.0211267605633803,7,0.0099749373433584,-0.10796811591753,3.7287969924812,132,3
206,2,46.5525358259704,0.000672947510094213,0.0388475817362703,6,2,0.00139676216993454,152,86,86,86,86,86,73,59,400,796,3.98,49,3.7287969924812,0.0211267605633803,7,0.0099749373433584,-0.10796811591753,3.7287969924812,132,3
207,2,31.0114288489289,0.000597371565113501,0.0134938325930333,6,2,0.0014622788943986,58,86,86,86,86,86,73,59,400,796,3.98,49,3.7287969924812,0.0211267605633803,7,0.0099749373433584,-0.10796811591753,3.7287969924812,132,3
208,5,609.098473467064,0.000691085003455425,0.0413088634962724,6,2,0.00320023043389537,664,86,86,86,86,86,66,59,400,796,3.98,49,3.7287969924812,0.0211267605633803,7,0.0099749373433584,-0.10796811591753,3.7287969924812,132,3
209,2,32.3326925830635,0.000631313131313131,0.0212124282313775,6,2,0.00145263002780491,89,86,86,86,86,86,73,59,400,796,3.98,49,3.7287969924812,0.0211267605633803,7,0.0099749373433584,-0.10796811591753,3.7287969924812,132,3
210,4,427.370412893808,0.00065359477124183,0.0359287385082666,6,2,0.00263306104562688,375,86,86,86,86,86,73,59,400,796,3.98,49,3.7287969924812,0.0211267605633803,7,0.0099749373433584,-0.10796811591753,3.7287969924812,132,3
211,4,120.502250068062,0.000645577792123951,0.030748890022095,6,2,0.00258788690558511,345,86,86,86,86,86,62,59,400,796,3.98,49,3.7287969924812,0.0211267605633803,7,0.0099749373433584,-0.10796811591753,3.7287969924812,132,3
212,3,163.956489235166,0.000620347394540943,0.0158026493332039,6,2,0.00204098645193539,162,86,86,86,86,86,73,59,400,796,3.98,49,3.7287969924812,0.0211267605633803,7,0.0099749373433584,-0.10796811591753,3.7287969924812,132,3
213,2,0,0.000712250712250712,0.0717203564668545,5,2,0.00135304792270357,203,86,86,86,86,86,73,59,400,796,3.98,49,3.7287969924812,0.0211267605633803,7,0.0099749373433584,-0.10796811591753,3.7287969924812,132,3
214,3,304.412839889728,0.000593119810201661,0.0120933523345902,6,2,0.00202947607462341,114,86,86,86,86,86,73,59,400,796,3.98,49,3.7287969924812,0.0211267605633803,7,0.0099749373433584,-0.10796811591753,3.7287969924812,132,3
215,2,32.4720884507649,0.000583090379008746,0.0100001207445692,6,2,0.00146026403199002,48,86,86,86,86,86,73,59,400,796,3.98,49,3.7287969924812,0.0211267605633803,7,0.0099749373433584,-0.10796811591753,3.7287969924812,132,3
216,5,350.001726014659,0.000656598818122127,0.0312329573388354,6,2,0.00323610888431532,484,86,86,86,86,86,73,59,400,796,3.98,49,3.7287969924812,0.0211267605633803,7,0.0099749373433584,-0.10796811591753,3.7287969924812,132,3
217,2,118.122486645024,0.000742942050520059,0.117850434462415,5,2,0.00140245277243023,257,86,86,86,86,86,73,59,400,796,3.98,49,3.7287969924812,0.0211267605633803,7,0.0099749373433584,-0.10796811591753,3.7287969924812,132,3
218,3,155.960181805389,0.00073909830007391,0.0833314208018159,5,2,0.00191026050660836,488,86,86,86,86,86,73,59,400,796,3.98,49,3.7287969924812,0.0211267605633803,7,0.0099749373433584,-0.10796811591753,3.7287969924812,132,3
219,2,99.9856306618148,0.00076103500761035,0.126761689556615,5,2,0.00131775269134091,284,86,86,86,86,86,73,59,400,796,3.98,49,3.7287969924812,0.0211267605633803,7,0.0099749373433584,-0.10796811591753,3.7287969924812,132,3
220,3,341.583601093609,0.000733675715333822,0.0686254966413506,5,2,0.00192650836903618,480,86,86,86,86,86,73,59,400,796,3.98,49,3.7287969924812,0.0211267605633803,7,0.0099749373433584,-0.10796811591753,3.7287969924812,132,3
221,2,17.2496354952237,0.000618046971569839,0.0217751770839857,6,2,0.00138351356724545,79,86,86,86,86,86,73,59,400,796,3.98,49,3.7287969924812,0.0211267605633803,7,0.0099749373433584,-0.10796811591753,3.7287969924812,132,3
222,3,145.342293577738,0.000600600600600601,0.0150590976486035,6,2,0.00206177854014491,150,86,86,86,86,86,73,52,400,796,3.98,49,3.7287969924812,0.0211267605633803,7,0.0099749373433584,-0.10796811591753,3.7287969924812,132,3
223,2,38.951607265097,0.000664010624169987,0.0272253553882075,6,2,0.00138316303564447,128,86,86,86,86,86,73,59,400,796,3.98,49,3.7287969924812,0.0211267605633803,7,0.0099749373433584,-0.10796811591753,3.7287969924812,132,3
224,2,41.6746426107333,0.000582072176949942,0.00721776586812757,7,2,0.00145609719064102,54,86,86,86,86,86,73,59,400,796,3.98,49,3.7287969924812,0.0211267605633803,7,0.0099749373433584,-0.10796811591753,3.7287969924812,132,3
225,2,154.956369901679,0.000721500721500722,0.0603121167520768,5,2,0.00138029691368644,217,86,86,86,86,86,73,59,400,796,3.98,49,3.7287969924812,0.0211267605633803,7,0.0099749373433584,-0.10796811591753,3.7287969924812,132,3
226,2,27.2111111111111,0.000609013398294762,0.014189222661217,6,2,0.00143611497331057,74,86,86,86,86,86,73,59,400,796,3.98,49,3.7287969924812,0.0211267605633803,7,0.0099749373433584,-0.10796811591753,3.7287969924812,132,3
227,3,109.946298146298,0.00075187969924812,0.142298673418049,5,2,0.0019220571186632,536,86,86,86,86,86,73,59,400,796,3.98,49,3.7287969924812,0.0211267605633803,7,0.0099749373433584,-0.10796811591753,3.7287969924812,132,3
228,2,18.606746031746,0.00064143681847338,0.0321185613509535,6,2,0.00138675998297281,112,86,86,86,86,86,73,59,400,796,3.98,49,3.7287969924812,0.0211267605633803,7,0.0099749373433584,-0.10796811591753,3.7287969924812,132,3
229,2,28.5936868686869,0.000638162093171666,0.0263785182977588,6,2,0.00143890315762984,102,86,86,86,86,86,73,59,400,796,3.98,49,3.7287969924812,0.0211267605633803,7,0.0099749373433584,-0.10796811591753,3.7287969924812,132,3
230,2,0,0.000586510263929619,0.0175520110079777,6,2,0.00146072904037981,60,86,86,86,86,86,73,59,400,796,3.98,49,3.7287969924812,0.0211267605633803,7,0.0099749373433584,-0.10796811591753,3.7287969924812,132,3
231,2,13.7956652680488,0.000594883997620464,0.0134479467326334,6,2,0.00149531062115338,61,86,86,86,86,86,73,59,400,796,3.98,49,3.7287969924812,0.0211267605633803,7,0.0099749373433584,-0.10796811591753,3.7287969924812,132,3
232,2,93.927270447212,0.00061012812690665,0.0134175464143439,6,2,0.00138565509809666,70,86,86,86,86,86,73,59,400,796,3.98,49,3.7287969924812,0.0211267605633803,7,0.0099749373433584,-0.10796811591753,3.7287969924812,132,3
233,2,24.4956301428041,0.000650195058517555,0.0280404537185766,6,2,0.00139014068477254,123,86,86,86,86,86,73,59,400,796,3.98,49,3.7287969924812,0.0211267605633803,7,0.0099749373433584,-0.10796811591753,3.7287969924812,132,3
234,2,39.9067888611325,0.000632111251580278,0.0213679364482813,6,2,0.00137627694217489,94,86,86,86,86,86,73,59,400,796,3.98,49,3.7287969924812,0.0211267605633803,7,0.0099749373433584,-0.10796811591753,3.7287969924812,132,3
235,2,26.7614468864469,0.000575373993095512,0.00818868116325435,6,2,0.00142842435166534,47,86,86,86,86,86,73,59,400,796,3.98,49,3.7287969924812,0.0211267605633803,7,0.0099749373433584,-0.10796811591753,3.7287969924812,132,3
236,2,14.9267698660652,0.000642260757867694,0.0267633745698344,6,2,0.00142938990369198,112,86,86,86,86,86,73,59,400,796,3.98,49,3.7287969924812,0.0211267605633803,7,0.0099749373433584,-0.10796811591753,3.7287969924812,132,3
237,2,46.9852530209728,0.000698324022346369,0.0495212339100236,5,2,0.00135809102148057,177,86,86,86,86,86,73,59,400,796,3.98,49,3.7287969924812,0.0211267605633803,7,0.0099749373433584,-0.10796811591753,3.7287969924812,132,3
238,2,152.472556076771,0.000758150113722517,0.125157336032043,5,2,0.00134275437515737,284,86,86,86,86,86,73,59,400,796,3.98,49,3.7287969924812,0.0211267605633803,7,0.0099749373433584,-0.10796811591753,3.7287969924812,132,3
239,5,697.182210116389,0.000724112961622013,0.0856106382964519,6,2,0.00309533334677381,880,86,86,86,86,86,73,59,400,796,3.98,49,3.7287969924812,0.0211267605633803,7,0.0099749373433584,-0.10796811591753,3.7287969924812,132,3
240,2,17.5107332281245,0.000606428138265616,0.0161733781960385,6,2,0.00145857904522619,77,86,86,86,86,86,73,59,400,796,3.98,49,3.7287969924812,0.0211267605633803,7,0.0099749373433584,-0.10796811591753,3.7287969924812,132,3
241,2,57.4803705066863,0.000627746390458255,0.0234222223396777,6,2,0.00137349453749965,107,86,86,86,86,86,73,59,400,796,3.98,49,3.7287969924812,0.0211267605633803,7,0.0099749373433584,-0.10796811591753,3.7287969924812,132,3
242,4,205.958534775824,0.00068073519400953,0.0543588006808011,6,2,0.00254006041494104,477,86,86,86,86,86,73,55,400,796,3.98,49,3.7287969924812,0.0211267605633803,7,0.0099749373433584,-0.10796811591753,3.7287969924812,132,3
243,2,49.2945165945166,0.000573394495412844,0.00808771701951998,6,2,0.00144225568198928,36,86,86,86,86,86,73,59,400,796,3.98,49,3.7287969924812,0.0211267605633803,7,0.0099749373433584,-0.10796811591753,3.7287969924812,132,3
244,2,55.8021667659826,0.000658761528326746,0.0326843024090319,5,2,0.00136879821879062,131,86,86,86,86,86,73,59,400,796,3.98,49,3.7287969924812,0.0211267605633803,7,0.0099749373433584,-0.10796811591753,3.7287969924812,132,3
245,2,55.3229029742188,0.000634517766497462,0.0194459943878334,6,2,0.00138119409769692,100,86,86,86,86,86,73,59,400,796,3.98,49,3.7287969924812,0.0211267605633803,7,0.0099749373433584,-0.10796811591753,3.7287969924812,132,3
246,2,20.0282467532468,0.000726216412490922,0.0722566622987757,5,2,0.0013699357524547,235,86,86,86,86,86,73,59,400,796,3.98,49,3.7287969924812,0.0211267605633803,7,0.0099749373433584,-0.10796811591753,3.7287969924812,132,3
247,2,0,0.000789889415481833,0.167419901158058,5,2,0.00128908294627974,340,86,86,86,86,86,73,59,400,796,3.98,49,3.7287969924812,0.0211267605633803,7,0.0099749373433584,-0.10796811591753,3.7287969924812,132,3
248,2,71.93126924312,0.000692041522491349,0.0336714860517415,5,2,0.00135464587619515,156,86,86,86,86,86,73,59,400,796,3.98,49,3.7287969924812,0.0211267605633803,7,0.0099749373433584,-0.10796811591753,3.7287969924812,132,3
249,2,66.5780844893268,0.000692520775623269,0.0490158313779111,5,2,0.00139636753877398,181,86,86,86,86,86,73,59,400,796,3.98,49,3.7287969924812,0.0211267605633803,7,0.0099749373433584,-0.10796811591753,3.7287969924812,132,3
250,2,46.7037749086662,0.000622277535780958,0.0195299052537273,6,2,0.00143056893801143,82,86,86,86,86,86,73,59,400,796,3.98,49,3.7287969924812,0.0211267605633803,7,0.0099749373433584,-0.10796811591753,3.7287969924812,132,3
251,3,94.865833023186,0.000638569604086845,0.0214076944351316,6,2,0.00195896136930374,210,86,86,86,86,86,72,59,400,796,3.98,49,3.7287969924812,0.0211267605633803,7,0.0099749373433584,-0.10796811591753,3.7287969924812,132,3
252,2,68.8403499278499,0.000701754385964912,0.0585960725248945,6,2,0.00137371522222945,189,86,86,86,86,86,73,59,400,796,3.98,49,3.7287969924812,0.0211267605633803,7,0.0099749373433584,-0.10796811591753,3.7287969924812,132,3
253,3,97.7495843946502,0.000566893424036281,0.00788711942084684,6,2,0.00204663635821145,68,86,86,86,86,86,73,59,400,796,3.98,49,3.7287969924812,0.0211267605633803,7,0.0099749373433584,-0.10796811591753,3.7287969924812,132,3
254,2,10.4290127987954,0.000592417061611374,0.0232878781727668,6,2,0.00142394122548801,61,86,86,86,86,86,73,59,400,796,3.98,49,3.7287969924812,0.0211267605633803,7,0.0099749373433584,-0.10796811591753,3.7287969924812,132,3
255,2,14.7787160822809,0.00062111801242236,0.0249842610434081,6,2,0.0014577770918537,95,86,86,86,86,86,73,59,400,796,3.98,49,3.7287969924812,0.0211267605633803,7,0.0099749373433584,-0.10796811591753,3.7287969924812,132,3
256,3,121.828231289644,0.00061012812690665,0.0196800583613577,6,2,0.00209032402556955,146,86,86,86,86,86,73,59,400,796,3.98,49,3.7287969924812,0.0211267605633803,7,0.0099749373433584,-0.10796811591753,3.7287969924812,132,3
257,2,16.4363602900368,0.000574382538770821,0.0128814521893343,6,2,0.00144364307484294,47,86,86,86,86,86,73,59,400,796,3.98,49,3.7287969924812,0.0211267605633803,7,0.0099749373433584,-0.10796811591753,3.7287969924812,132,3
258,4,248.895049993866,0.000641848523748395,0.026805845951041,6,2,0.00256250922729493,318,86,86,86,86,86,73,48,400,796,3.98,49,3.7287969924812,0.0211267605633803,7,0.0099749373433584,-0.10796811591753,3.7287969924812,132,3
259,2,95.6972848342777,0.000725689404934688,0.0618739991808896,5,2,0.0013512526810234,227,86,86,86,86,86,73,59,400,796,3.98,49,3.7287969924812,0.0211267605633803,7,0.0099749373433584,-0.10796811591753,3.7287969924812,132,3
260,2,75.6715556595581,0.00065359477124183,0.0208958310675951,6,2,0.00134914049177314,103,86,86,86,86,86,73,59,400,796,3.98,49,3.7287969924812,0.0211267605633803,7,0.0099749373433584,-0.10796811591753,3.7287969924812,132,3
261,3,52.9178052941211,0.000597728631201435,0.0257321833721209,6,2,0.00201546373290133,138,86,86,86,86,86,73,54,400,796,3.98,49,3.7287969924812,0.0211267605633803,7,0.0099749373433584,-0.10796811591753,3.7287969924812,132,3
262,2,0,0.000648929266709929,0.0286544341579128,6,2,0.00139486904134288,114,86,86,86,86,86,73,59,400,796,3.98,49,3.7287969924812,0.0211267605633803,7,0.0099749373433584,-0.10796811591753,3.7287969924812,132,3
263,5,954.46096510632,0.000737463126843658,0.0783792463535029,5,2,0.00316931809130324,932,86,86,86,86,86,63,59,400,796,3.98,49,3.7287969924812,0.0211267605633803,7,0.0099749373433584,-0.10796811591753,3.7287969924812,132,3
264,3,95.7710555640273,0.000629326620516048,0.0157507027220484,6,2,0.00199999557620059,168,86,86,86,86,86,73,59,400,796,3.98,49,3.7287969924812,0.0211267605633803,7,0.0099749373433584,-0.10796811591753,3.7287969924812,132,3
265,2,45.0553530933478,0.000672494956287828,0.0353447809302262,5,2,0.00134006194614744,148,86,86,86,86,86,73,59,400,796,3.98,49,3.7287969924812,0.0211267605633803,7,0.0099749373433584,-0.10796811591753,3.7287969924812,132,3
266,2,66.7158969971041,0.000603500301750151,0.0134058881801017,6,2,0.0014427480166824,70,86,86,86,86,86,73,59,400,796,3.98,49,3.7287969924812,0.0211267605633803,7,0.0099749373433584,-0.10796811591753,3.7287969924812,132,3
267,3,138.676002456436,0.000614250614250614,0.0124480797760476,6,2,0.0020011866042962,160,86,86,86,86,86,73,59,400,796,3.98,49,3.7287969924812,0.0211267605633803,7,0.0099749373433584,-0.10796811591753,3.7287969924812,132,3
268,3,295.02878134937,0.000637348629700446,0.0227279683281254,6,2,0.00206528289739807,212,86,86,86,86,86,73,59,400,796,3.98,49,3.7287969924812,0.0211267605633803,7,0.0099749373433584,-0.10796811591753,3.7287969924812,132,3
269,3,275.030646266358,0.000697350069735007,0.049631830568019,5,2,0.00199125893399814,376,86,86,86,86,86,73,59,400,796,3.98,49,3.7287969924812,0.0211267605633803,7,0.0099749373433584,-0.10796811591753,3.7287969924812,132,3
270,2,74.5527030382758,0.000714796283059328,0.0653489896100117,5,2,0.00136246440887582,197,86,86,86,86,86,73,59,400,796,3.98,49,3.7287969924812,0.0211267605633803,7,0.0099749373433584,-0.10796811591753,3.7287969924812,132,3
271,2,40.0205563040983,0.000600961538461538,0.0140740765910864,6,2,0.00144867289379138,63,86,86,86,86,86,73,59,400,796,3.98,49,3.7287969924812,0.0211267605633803,7,0.0099749373433584,-0.10796811591753,3.7287969924812,132,3
272,2,55.131403489236,0.00066006600660066,0.0289453673793002,6,2,0.00136438479712449,118,86,86,86,86,86,73,59,400,796,3.98,49,3.7287969924812,0.0211267605633803,7,0.0099749373433584,-0.10796811591753,3.7287969924812,132,3
273,2,51.8108788871947,0.000619962802231866,0.021431437985355,6,2,0.00146017736565631,79,86,86,86,86,86,73,59,400,796,3.98,49,3.7287969924812,0.0211267605633803,7,0.0099749373433584,-0.10796811591753,3.7287969924812,132,3
274,2,136.073332367032,0.000648508430609598,0.0210594520172386,6,2,0.00135370330267857,106,86,86,86,86,86,73,59,400,796,3.98,49,3.7287969924812,0.0211267605633803,7,0.0099749373433584,-0.10796811591753,3.7287969924812,132,3
275,3,129.016270251077,0.000603500301750151,0.0188403630033752,6,2,0.00204884247105623,116,86,86,86,86,86,73,59,400,796,3.98,49,3.7287969924812,0.0211267605633803,7,0.0099749373433584,-0.10796811591753,3.7287969924812,132,3
276,2,48.1816704923903,0.000651465798045603,0.0252817557047152,6,2,0.00138166682167707,114,86,86,86,86,86,73,59,400,796,3.98,49,3.7287969924812,0.0211267605633803,7,0.0099749373433584,-0.10796811591753,3.7287969924812,132,3
277,2,0,0.000570125427594071,0.00727040058607065,6,2,0.00144376450934193,31,86,86,86,86,86,73,59,400,796,3.98,49,3.7287969924812,0.0211267605633803,7,0.0099749373433584,-0.10796811591753,3.7287969924812,132,3
278,2,0,0.000799360511590728,0.174588071738708,5,2,0.00129728357551082,356,86,86,86,86,86,73,59,400,796,3.98,49,3.7287969924812,0.0211267605633803,7,0.0099749373433584,-0.10796811591753,3.7287969924812,132,3
279,2,56.5026044818614,0.000681198910081744,0.0567842248107592,5,2,0.00133901638957632,170,86,86,86,86,86,73,59,400,796,3.98,49,3.7287969924812,0.0211267605633803,7,0.0099749373433584,-0.10796811591753,3.7287969924812,132,3
280,2,16.0748399261557,0.000596302921884317,0.0124518150942768,6,2,0.00142016156024088,55,86,86,86,86,86,73,59,400,796,3.98,49,3.7287969924812,0.0211267605633803,7,0.0099749373433584,-0.10796811591753,3.7287969924812,132,3
281,2,20.5972351616392,0.00069589422407794,0.0549040616555817,5,2,0.00138133333371986,179,86,86,86,86,86,73,59,400,796,3.98,49,3.7287969924812,0.0211267605633803,7,0.0099749373433584,-0.10796811591753,3.7287969924812,132,3
282,2,0,0.000745712155108128,0.130576169793361,5,2,0.00136945894363017,261,86,86,86,86,86,73,59,400,796,3.98,49,3.7287969924812,0.0211267605633803,7,0.0099749373433584,-0.10796811591753,3.7287969924812,132,3
283,3,130.112152321363,0.000745712155108128,0.13542517144999,5,2,0.00197945803573485,532,86,86,86,86,86,73,59,400,796,3.98,49,3.7287969924812,0.0211267605633803,7,0.0099749373433584,-0.10796811591753,3.7287969924812,132,3
284,2,0,0.000738552437223043,0.131140420440472,5,2,0.00137820880114132,251,86,86,86,86,86,73,59,400,796,3.98,49,3.7287969924812,0.0211267605633803,7,0.0099749373433584,-0.10796811591753,3.7287969924812,132,3
285,4,212.490821250473,0.00060313630880579,0.0160877479384595,6,2,0.00269374510772082,198,86,86,86,86,86,73,59,400,796,3.98,49,3.7287969924812,0.0211267605633803,7,0.0099749373433584,-0.10796811591753,3.7287969924812,132,3
286,2,14.3983445933675,0.000655307994757536,0.0491401362704599,6,2,0.00137483039837501,133,86,86,86,86,86,73,59,400,796,3.98,49,3.7287969924812,0.0211267605633803,7,0.0099749373433584,-0.10796811591753,3.7287969924812,132,3
287,3,72.4687843295622,0.000602772754671489,0.0146710640829842,6,2,0.00206934768801073,136,86,86,86,86,86,73,49,400,796,3.98,49,3.7287969924812,0.0211267605633803,7,0.0099749373433584,-0.10796811591753,3.7287969924812,132,3
288,2,58.5555438842204,0.00061576354679803,0.0232973173094918,6,2,0.00141742795243121,83,86,86,86,86,86,73,59,400,796,3.98,49,3.7287969924812,0.0211267605633803,7,0.0099749373433584,-0.10796811591753,3.7287969924812,132,3
289,2,96.9114347005219,0.000710732054015636,0.0649476727030115,5,2,0.00137287524631568,201,86,86,86,86,86,73,59,400,796,3.98,49,3.7287969924812,0.0211267605633803,7,0.0099749373433584,-0.10796811591753,3.7287969924812,132,3
290,2,30.3192352454185,0.000722021660649819,0.0724526972821164,5,2,0.00134085010569015,219,86,86,86,86,86,73,59,400,796,3.98,49,3.7287969924812,0.0211267605633803,7,0.0099749373433584,-0.10796811591753,3.7287969924812,132,3
291,2,68.0939195937648,0.000710732054015636,0.067878273745943,6,2,0.00131380308451464,212,86,86,86,86,86,73,59,400,796,3.98,49,3.7287969924812,0.0211267605633803,7,0.0099749373433584,-0.10796811591753,3.7287969924812,132,3
292,2,37.279662592982,0.000587199060481503,0.00775049196660272,6,2,0.00145768928672194,43,86,86,86,86,86,73,59,400,796,3.98,49,3.7287969924812,0.0211267605633803,7,0.0099749373433584,-0.10796811591753,3.7287969924812,132,3
293,4,325.759938471974,0.000636132315521629,0.0276237038290637,6,2,0.00266654390313954,297,86,86,86,86,86,73,59,400,796,3.98,49,3.7287969924812,0.0211267605633803,7,0.0099749373433584,-0.10796811591753,3.7287969924812,132,3
294,2,24.9366956399531,0.000634920634920635,0.024379721231271,6,2,0.00143089306486197,105,86,86,86,86,86,73,59,400,796,3.98,49,3.7287969924812,0.0211267605633803,7,0.0099749373433584,-0.10796811591753,3.7287969924812,132,3
295,3,344.902431664558,0.000707714083510262,0.0574003155156034,6,2,0.00202200512344475,396,86,86,86,86,86,71,59,400,796,3.98,49,3.7287969924812,0.0211267605633803,7,0.0099749373433584,-0.10796811591753,3.7287969924812,132,3
296,2,7.87795708677287,0.000607164541590771,0.0201173619553621,6,2,0.0014314863673946,80,86,86,86,86,86,73,59,400,796,3.98,49,3.7287969924812,0.0211267605633803,7,0.0099749373433584,-0.10796811591753,3.7287969924812,132,3
297,2,30.6832526950174,0.000644745325596389,0.023180120630315,6,2,0.00141657371165174,103,86,86,86,86,86,73,59,400,796,3.98,49,3.7287969924812,0.0211267605633803,7,0.0099749373433584,-0.10796811591753,3.7287969924812,132,3
298,2,29.5232675669317,0.000634920634920635,0.0210440331286959,6,2,0.00138604999410737,97,86,86,86,86,86,73,59,400,796,3.98,49,3.7287969924812,0.0211267605633803,7,0.0099749373433584,-0.10796811591753,3.7287969924812,132,3
299,2,25.2202380952381,0.000591715976331361,0.0101432119655823,6,2,0.00150672779728182,52,86,86,86,86,86,73,59,400,796,3.98,49,3.7287969924812,0.0211267605633803,7,0.0099749373433584,-0.10796811591753,3.7287969924812,132,3
300,2,57.0311220186762,0.000658327847267939,0.0285010632613133,6,2,0.00139121015733643,124,86,86,86,86,86,73,59,400,796,3.98,49,3.7287969924812,0.0211267605633803,7,0.0099749373433584,-0.10796811591753,3.7287969924812,132,3
301,2,27.5128278584161,0.000577034045008656,0.00734540799817465,6,2,0.00151511664113929,39,86,86,86,86,86,73,59,400,796,3.98,49,3.7287969924812,0.0211267605633803,7,0.0099749373433584,-0.10796811591753,3.7287969924812,132,3
302,2,116.949444667135,0.000638977635782748,0.0231347577771666,6,2,0.0013955413909333,106,86,86,86,86,86,73,59,400,796,3.98,49,3.7287969924812,0.0211267605633803,7,0.0099749373433584,-0.10796811591753,3.7287969924812,132,3
303,2,7.011492808267,0.000575705238917674,0.0118369080460331,6,2,0.00148483213317773,57,86,86,86,86,86,73,59,400,796,3.98,49,3.7287969924812,0.0211267605633803,7,0.0099749373433584,-0.10796811591753,3.7287969924812,132,3
304,2,14.5804679797327,0.000561797752808989,0.00858014725990341,6,2,0.0015191802202096,43,86,86,86,86,86,73,59,400,796,3.98,49,3.7287969924812,0.0211267605633803,7,0.0099749373433584,-0.10796811591753,3.7287969924812,132,3
305,2,32.5559474050853,0.000552791597567717,0.00796918229366616,7,2,0.00150513182051975,32,86,86,86,86,86,73,59,400,796,3.98,49,3.7287969924812,0.0211267605633803,7,0.0099749373433584,-0.10796811591753,3.7287969924812,132,3
306,2,63.544741114865,0.000620732464307883,0.025400168718373,6,2,0.00143361102022255,86,86,86,86,86,86,73,59,400,796,3.98,49,3.7287969924812,0.0211267605633803,7,0.0099749373433584,-0.10796811591753,3.7287969924812,132,3
307,2,16.6135642135642,0.000585823081429408,0.0129655051525079,6,2,0.00144784672227108,57,86,86,86,86,86,73,59,400,796,3.98,49,3.7287969924812,0.0211267605633803,7,0.0099749373433584,-0.10796811591753,3.7287969924812,132,3
308,2,63.3302820688163,0.000590667454223272,0.0107162462302449,6,2,0.00140301928138626,60,86,86,86,86,86,73,59,400,796,3.98,49,3.7287969924812,0.0211267605633803,7,0.0099749373433584,-0.10796811591753,3.7287969924812,132,3
309,3,154.898750813098,0.000626959247648903,0.0209997087102958,6,2,0.00206510293914767,182,85,85,85,85,85,73,59,400,796,3.98,49,3.7287969924812,0.0211267605633803,7,0.0099749373433584,-0.10796811591753,3.7287969924812,132,3
310,3,87.6376291211892,0.000582750582750583,0.00772206423388715,6,2,0.00205779145108877,74,86,86,86,86,86,73,59,400,796,3.98,49,3.7287969924812,0.0211267605633803,7,0.0099749373433584,-0.10796811591753,3.7287969924812,132,3
311,3,71.0599979829775,0.000600240096038415,0.0157478012064606,6,2,0.0020608111887093,126,86,86,86,86,86,73,59,400,796,3.98,49,3.7287969924812,0.0211267605633803,7,0.0099749373433584,-0.10796811591753,3.7287969924812,132,3
312,3,154.727037721966,0.00067842605156038,0.0462678618481202,6,2,0.00197376281126319,316,86,86,86,86,86,73,59,400,796,3.98,49,3.7287969924812,0.0211267605633803,7,0.0099749373433584,-0.10796811591753,3.7287969924812,132,3
313,2,42.2097368560755,0.000652741514360313,0.0306821464470099,6,2,0.00138692819522665,117,86,86,86,86,86,73,59,400,796,3.98,49,3.7287969924812,0.0211267605633803,7,0.0099749373433584,-0.10796811591753,3.7287969924812,132,3
314,3,308.568025422751,0.000623052959501558,0.0207032221752913,6,2,0.00210157481021538,172,86,86,86,86,86,73,59,400,796,3.98,49,3.7287969924812,0.0211267605633803,7,0.0099749373433584,-0.10796811591753,3.7287969924812,132,3
315,2,33.0041780991626,0.000552791597567717,0.00552722944350491,6,2,0.00151537835757735,32,86,86,86,86,86,73,59,400,796,3.98,49,3.7287969924812,0.0211267605633803,7,0.0099749373433584,-0.10796811591753,3.7287969924812,132,3
316,2,73.5440887407625,0.000801924619085806,0.169310128375277,5,2,0.00129472871586806,353,86,86,86,86,86,73,59,400,796,3.98,49,3.7287969924812,0.0211267605633803,7,0.0099749373433584,-0.10796811591753,3.7287969924812,132,3
317,2,8.07738095238095,0.000630517023959647,0.033834573163609,6,2,0.00140587234047051,106,86,86,86,86,86,73,59,400,796,3.98,49,3.7287969924812,0.0211267605633803,7,0.0099749373433584,-0.10796811591753,3.7287969924812,132,3
318,3,199.686566422708,0.000585823081429408,0.0121482678650769,6,2,0.0021391438272213,110,86,86,86,86,86,73,59,400,796,3.98,49,3.7287969924812,0.0211267605633803,7,0.0099749373433584,-0.10796811591753,3.7287969924812,132,3
319,2,6.38975468975469,0.000624609618988132,0.0223242663381548,6,2,0.001468558228739,87,86,86,86,86,86,73,59,400,796,3.98,49,3.7287969924812,0.0211267605633803,7,0.0099749373433584,-0.10796811591753,3.7287969924812,132,3
320,2,28.8155350442422,0.000570125427594071,0.00649229290539379,6,2,0.00148798321377711,48,86,86,86,86,86,73,59,400,796,3.98,49,3.7287969924812,0.0211267605633803,7,0.0099749373433584,-0.10796811591753,3.7287969924812,132,3
321,2,13.8519132316958,0.000650195058517555,0.046524095055804,6,2,0.00140163650732163,122,86,86,86,86,86,73,59,400,796,3.98,49,3.7287969924812,0.0211267605633803,7,0.0099749373433584,-0.10796811591753,3.7287969924812,132,3
322,2,130.665598290598,0.000711743772241993,0.06338446651593,5,2,0.00139824873122986,206,86,86,86,86,86,73,59,400,796,3.98,49,3.7287969924812,0.0211267605633803,7,0.0099749373433584,-0.10796811591753,3.7287969924812,132,3
323,2,0,0.000732064421669107,0.0782271385381657,6,2,0.00130277732738773,242,86,86,86,86,86,73,59,400,796,3.98,49,3.7287969924812,0.0211267605633803,7,0.0099749373433584,-0.10796811591753,3.7287969924812,132,3
324,2,9.08333333333333,0.000579710144927536,0.0120449885634625,6,2,0.00145809750955291,52,86,86,86,86,86,73,59,400,796,3.98,49,3.7287969924812,0.0211267605633803,7,0.0099749373433584,-0.10796811591753,3.7287969924812,132,3
325,2,1.83333333333333,0.000612745098039216,0.0375820718845282,6,2,0.0014549780042483,84,86,86,86,86,86,73,59,400,796,3.98,49,3.7287969924812,0.0211267605633803,7,0.0099749373433584,-0.10796811591753,3.7287969924812,132,3
326,2,49.9964504877884,0.000594530321046373,0.0131404224273911,6,2,0.00144301623830781,58,86,86,86,86,86,73,59,400,796,3.98,49,3.7287969924812,0.0211267605633803,7,0.0099749373433584,-0.10796811591753,3.7287969924812,132,3
327,2,24.1446746064393,0.000621504039776259,0.0178481886297218,6,2,0.00141889767113096,84,86,86,86,86,86,73,59,400,796,3.98,49,3.7287969924812,0.0211267605633803,7,0.0099749373433584,-0.10796811591753,3.7287969924812,132,3
328,2,36.0991700679781,0.000575705238917674,0.00805041736430246,6,2,0.00146678994546531,46,86,86,86,86,86,73,59,400,796,3.98,49,3.7287969924812,0.0211267605633803,7,0.0099749373433584,-0.10796811591753,3.7287969924812,132,3
329,2,59.4634558810642,0.000616142945163278,0.0195845538524563,6,2,0.00146714835051729,73,86,86,86,86,86,73,59,400,796,3.98,49,3.7287969924812,0.0211267605633803,7,0.0099749373433584,-0.10796811591753,3.7287969924812,132,3
330,2,0,0.00065402223675605,0.0310161048735969,6,2,0.00136996828135877,116,86,86,86,86,86,73,59,400,796,3.98,49,3.7287969924812,0.0211267605633803,7,0.0099749373433584,-0.10796811591753,3.7287969924812,132,3
331,2,24.188332711974,0.000526038926880589,0.00373503723662058,6,2,0.0015765369472745,16,86,86,86,86,86,73,59,400,796,3.98,49,3.7287969924812,0.0211267605633803,7,0.0099749373433584,-0.10796811591753,3.7287969924812,132,3
332,3,260.449692858392,0.000683526999316473,0.0385742501862861,5,2,0.00196043576051957,298,86,86,86,86,86,73,59,400,796,3.98,49,3.7287969924812,0.0211267605633803,7,0.0099749373433584,-0.10796811591753,3.7287969924812,132,3
333,2,55.2512690468573,0.0006265664160401,0.0121794677676335,6,2,0.00141725424741627,71,86,86,86,86,86,73,59,400,796,3.98,49,3.7287969924812,0.0211267605633803,7,0.0099749373433584,-0.10796811591753,3.7287969924812,132,3
334,2,37.0414668857974,0.000607164541590771,0.0119013804762876,6,2,0.00140762574631021,67,86,86,86,86,86,73,59,400,796,3.98,49,3.7287969924812,0.0211267605633803,7,0.0099749373433584,-0.10796811591753,3.7287969924812,132,3
335,2,6.06847826086956,0.000621890547263682,0.031227488164103,6,2,0.00142189055515331,94,86,86,86,86,86,73,59,400,796,3.98,49,3.7287969924812,0.0211267605633803,7,0.0099749373433584,-0.10796811591753,3.7287969924812,132,3
336,2,97.5377064602065,0.000595947556615018,0.0093225903477181,6,2,0.0014482707239627,64,86,86,86,86,86,73,59,400,796,3.98,49,3.7287969924812,0.0211267605633803,7,0.0099749373433584,-0.10796811591753,3.7287969924812,132,3
337,3,163.067129167702,0.000702247191011236,0.05828254164708,5,2,0.00196878076569134,370,86,86,86,86,86,73,59,400,796,3.98,49,3.7287969924812,0.0211267605633803,7,0.0099749373433584,-0.10796811591753,3.7287969924812,132,3
338,2,92.8877228708111,0.000621890547263682,0.0163849861373826,6,2,0.00136960281516896,80,86,86,86,86,86,73,59,400,796,3.98,49,3.7287969924812,0.0211267605633803,7,0.0099749373433584,-0.10796811591753,3.7287969924812,132,3
339,2,21.3507408226449,0.0006765899864682,0.0420799808268726,6,2,0.00139171527961874,160,86,86,86,86,86,73,59,400,796,3.98,49,3.7287969924812,0.0211267605633803,7,0.0099749373433584,-0.10796811591753,3.7287969924812,132,3
340,2,14.1269341769342,0.00060790273556231,0.018396521563156,6,2,0.00138462405702709,79,86,86,86,86,86,73,59,400,796,3.98,49,3.7287969924812,0.0211267605633803,7,0.0099749373433584,-0.10796811591753,3.7287969924812,132,3
341,2,49.8319975632046,0.000600240096038415,0.0115023760267652,6,2,0.00144999569700846,60,86,86,86,86,86,73,59,400,796,3.98,49,3.7287969924812,0.0211267605633803,7,0.0099749373433584,-0.10796811591753,3.7287969924812,132,3
342,4,448.26343248255,0.000691562932226833,0.038610597392097,6,2,0.00258542263279578,489,86,86,86,86,86,70,59,400,796,3.98,49,3.7287969924812,0.0211267605633803,7,0.0099749373433584,-0.10796811591753,3.7287969924812,132,3
343,3,139.377130735705,0.000720980533525595,0.0754895385136999,5,2,0.00194548097546179,436,86,86,86,86,86,73,58,400,796,3.98,49,3.7287969924812,0.0211267605633803,7,0.0099749373433584,-0.10796811591753,3.7287969924812,132,3
344,2,27.9295443318943,0.000604960677555959,0.016877878269351,6,2,0.0015263577781848,67,86,86,86,86,86,73,59,400,796,3.98,49,3.7287969924812,0.0211267605633803,7,0.0099749373433584,-0.10796811591753,3.7287969924812,132,3
345,2,23.3743867243867,0.000535331905781585,0.00416381760624327,6,2,0.00153824416844774,21,86,86,86,86,86,73,59,400,796,3.98,49,3.7287969924812,0.0211267605633803,7,0.0099749373433584,-0.10796811591753,3.7287969924812,132,3
346,2,73.5493379197865,0.000733675715333822,0.0640601550598977,5,2,0.00132648755274525,234,86,86,86,86,86,73,59,400,796,3.98,49,3.7287969924812,0.0211267605633803,7,0.0099749373433584,-0.10796811591753,3.7287969924812,132,3
347,2,0,0.000653167864141084,0.0380517541206347,6,2,0.00138923674954025,128,86,86,86,86,86,73,59,400,796,3.98,49,3.7287969924812,0.0211267605633803,7,0.0099749373433584,-0.10796811591753,3.7287969924812,132,3
348,2,36.893146078208,0.000543183052688756,0.00377795973050634,6,2,0.00151188185758353,32,86,86,86,86,86,73,59,400,796,3.98,49,3.7287969924812,0.0211267605633803,7,0.0099749373433584,-0.10796811591753,3.7287969924812,132,3
349,2,0,0.000763358778625954,0.144040109968549,5,2,0.00131552463297759,278,86,86,86,86,86,73,59,400,796,3.98,49,3.7287969924812,0.0211267605633803,7,0.0099749373433584,-0.10796811591753,3.7287969924812,132,3
350,2,90.6898940241045,0.000716332378223496,0.0645268193478311,5,2,0.00137504181544573,200,86,86,86,86,86,73,59,400,796,3.98,49,3.7287969924812,0.0211267605633803,7,0.0099749373433584,-0.10796811591753,3.7287969924812,132,3
351,2,83.549140565317,0.000635727908455181,0.0265079712985727,6,2,0.00146470955077353,104,86,86,86,86,86,73,59,400,796,3.98,49,3.7287969924812,0.0211267605633803,7,0.0099749373433584,-0.10796811591753,3.7287969924812,132,3
352,2,83.1650793650794,0.000656167979002625,0.0289828507428585,6,2,0.00140941491862688,130,86,86,86,86,86,73,59,400,796,3.98,49,3.7287969924812,0.0211267605633803,7,0.0099749373433584,-0.10796811591753,3.7287969924812,132,3
353,2,36.5573664274322,0.000558347292015634,0.00640873316765186,7,2,0.00150320976013748,38,86,86,86,86,86,73,59,400,796,3.98,49,3.7287969924812,0.0211267605633803,7,0.0099749373433584,-0.10796811591753,3.7287969924812,132,3
354,2,21.0024211154007,0.000597728631201435,0.0109159229730992,6,2,0.00149730376111258,56,86,86,86,86,86,73,59,400,796,3.98,49,3.7287969924812,0.0211267605633803,7,0.0099749373433584,-0.10796811591753,3.7287969924812,132,3
355,2,0,0.00058173356602676,0.0121185709744145,6,2,0.00148253543896364,46,86,86,86,86,86,73,59,400,796,3.98,49,3.7287969924812,0.0211267605633803,7,0.0099749373433584,-0.10796811591753,3.7287969924812,132,3
356,2,89.7477596477597,0.000603500301750151,0.0104885242506071,6,2,0.00138636216649215,70,86,86,86,86,86,73,59,400,796,3.98,49,3.7287969924812,0.0211267605633803,7,0.0099749373433584,-0.10796811591753,3.7287969924812,132,3
357,3,393.469778542564,0.000741839762611276,0.126249867011694,5,2,0.00202912315865546,510,86,86,86,86,86,73,59,400,796,3.98,49,3.7287969924812,0.0211267605633803,7,0.0099749373433584,-0.10796811591753,3.7287969924812,132,3
358,2,14.1269341769342,0.00060790273556231,0.018396521563156,6,2,0.00138462405702709,79,86,86,86,86,86,73,59,400,796,3.98,49,3.7287969924812,0.0211267605633803,7,0.0099749373433584,-0.10796811591753,3.7287969924812,132,3
359,2,35.7262218775377,0.000628140703517588,0.018379385146913,6,2,0.00137370098288403,76,86,86,86,86,86,73,59,400,796,3.98,49,3.7287969924812,0.0211267605633803,7,0.0099749373433584,-0.10796811591753,3.7287969924812,132,3
360,2,46.931746031746,0.00065402223675605,0.0319698914714535,5,2,0.00138915855631054,127,86,86,86,86,86,73,59,400,796,3.98,49,3.7287969924812,0.0211267605633803,7,0.0099749373433584,-0.10796811591753,3.7287969924812,132,3
361,2,36.2553044452967,0.000602772754671489,0.0153809425757064,6,2,0.00142728750421484,73,86,86,86,86,86,73,59,400,796,3.98,49,3.7287969924812,0.0211267605633803,7,0.0099749373433584,-0.10796811591753,3.7287969924812,132,3
362,2,29.9238406939065,0.000535331905781585,0.0069763747940294,7,2,0.00147732789675677,33,86,86,86,86,86,73,59,400,796,3.98,49,3.7287969924812,0.0211267605633803,7,0.0099749373433584,-0.10796811591753,3.7287969924812,132,3
363,2,106.291964602218,0.000734753857457752,0.0779135703587554,5,2,0.00131839965881224,242,86,86,86,86,86,73,59,400,796,3.98,49,3.7287969924812,0.0211267605633803,7,0.0099749373433584,-0.10796811591753,3.7287969924812,132,3
364,4,585.337387742976,0.000590667454223272,0.00756516850866377,6,2,0.0027186224981953,129,86,86,86,86,86,73,59,400,796,3.98,49,3.7287969924812,0.0211267605633803,7,0.0099749373433584,-0.10796811591753,3.7287969924812,132,3
365,2,19.1265325747524,0.000601684717208183,0.0120498307300325,6,2,0.00145300401961627,66,86,86,86,86,86,73,59,400,796,3.98,49,3.7287969924812,0.0211267605633803,7,0.0099749373433584,-0.10796811591753,3.7287969924812,132,3
366,2,119.284865951042,0.0007097232079489,0.0643126561010888,5,2,0.00141284047133049,199,86,86,86,86,86,73,59,400,796,3.98,49,3.7287969924812,0.0211267605633803,7,0.0099749373433584,-0.10796811591753,3.7287969924812,132,3
367,2,31.8506682930596,0.000606428138265616,0.0107250291148298,6,2,0.00144008872497274,61,86,86,86,86,86,73,59,400,796,3.98,49,3.7287969924812,0.0211267605633803,7,0.0099749373433584,-0.10796811591753,3.7287969924812,132,3
368,2,51.6001436858635,0.000720461095100865,0.0842079932559521,5,2,0.00133170322667474,221,86,86,86,86,86,73,59,400,796,3.98,49,3.7287969924812,0.0211267605633803,7,0.0099749373433584,-0.10796811591753,3.7287969924812,132,3
369,2,38.8049303871747,0.000683526999316473,0.0500235809102635,5,2,0.00140583570113453,160,86,86,86,86,86,73,59,400,796,3.98,49,3.7287969924812,0.0211267605633803,7,0.0099749373433584,-0.10796811591753,3.7287969924812,132,3
370,3,87.280014381903,0.000512820512820513,0.00236340919172853,7,2,0.00219720636253381,38,86,86,86,86,86,73,59,400,796,3.98,49,3.7287969924812,0.0211267605633803,7,0.0099749373433584,-0.10796811591753,3.7287969924812,132,3
371,3,65.6055957930958,0.000610500610500611,0.0136087849357533,6,2,0.00205047257611185,158,86,86,86,86,86,73,59,400,796,3.98,49,3.7287969924812,0.0211267605633803,7,0.0099749373433584,-0.10796811591753,3.7287969924812,132,3
372,2,25.0673214253777,0.000616142945163278,0.0232623300415594,6,2,0.00141803138505866,76,86,86,86,86,86,73,59,400,796,3.98,49,3.7287969924812,0.0211267605633803,7,0.0099749373433584,-0.10796811591753,3.7287969924812,132,3
373,2,24.8536435786436,0.00053475935828877,0.00391074365555959,7,2,0.00155849193314281,20,86,86,86,86,86,73,59,400,796,3.98,49,3.7287969924812,0.0211267605633803,7,0.0099749373433584,-0.10796811591753,3.7287969924812,132,3
374,2,20.6763951920063,0.000645994832041344,0.0305560220794157,6,2,0.00140560937412917,116,86,86,86,86,86,73,59,400,796,3.98,49,3.7287969924812,0.0211267605633803,7,0.0099749373433584,-0.10796811591753,3.7287969924812,132,3
375,2,18.8790643576382,0.000641848523748395,0.0257542529739936,6,2,0.00142152916190588,112,86,86,86,86,86,73,59,400,796,3.98,49,3.7287969924812,0.0211267605633803,7,0.0099749373433584,-0.10796811591753,3.7287969924812,132,3
376,2,108.246067821068,0.000664893617021277,0.0347185657729433,6,2,0.00139013344232151,138,86,86,86,86,86,73,59,400,796,3.98,49,3.7287969924812,0.0211267605633803,7,0.0099749373433584,-0.10796811591753,3.7287969924812,132,3
377,2,71.2597254053136,0.000694927032661571,0.0625186382382435,5,2,0.00136633041973573,174,86,86,86,86,86,73,59,400,796,3.98,49,3.7287969924812,0.0211267605633803,7,0.0099749373433584,-0.10796811591753,3.7287969924812,132,3
378,3,232.019145152233,0.000719942404607631,0.0601454903797443,5,2,0.0019777682693011,446,86,86,86,86,86,73,59,400,796,3.98,49,3.7287969924812,0.0211267605633803,7,0.0099749373433584,-0.10796811591753,3.7287969924812,132,3
379,2,102.511870189494,0.000656167979002625,0.0247553036191956,6,2,0.00138439723866588,118,86,86,86,86,86,73,59,400,796,3.98,49,3.7287969924812,0.0211267605633803,7,0.0099749373433584,-0.10796811591753,3.7287969924812,132,3
380,2,22.2818935693936,0.000594530321046373,0.00969969951201473,6,2,0.00141487345031625,61,86,86,86,86,86,73,59,400,796,3.98,49,3.7287969924812,0.0211267605633803,7,0.0099749373433584,-0.10796811591753,3.7287969924812,132,3
381,2,0,0.000607164541590771,0.0180891400688869,6,2,0.00144210461615934,68,86,86,86,86,86,73,59,400,796,3.98,49,3.7287969924812,0.0211267605633803,7,0.0099749373433584,-0.10796811591753,3.7287969924812,132,3
382,2,28.6266468610509,0.000604960677555959,0.0149122782970204,6,2,0.00139612848903664,59,86,86,86,86,86,73,59,400,796,3.98,49,3.7287969924812,0.0211267605633803,7,0.0099749373433584,-0.10796811591753,3.7287969924812,132,3
383,2,33.4673159142199,0.000621504039776259,0.0145740176452948,6,2,0.00141483241460981,92,86,86,86,86,86,73,59,400,796,3.98,49,3.7287969924812,0.0211267605633803,7,0.0099749373433584,-0.10796811591753,3.7287969924812,132,3
384,2,75.4591220011499,0.000626174076393237,0.0183566693784742,6,2,0.00143765303343287,81,86,86,86,86,86,73,59,400,796,3.98,49,3.7287969924812,0.0211267605633803,7,0.0099749373433584,-0.10796811591753,3.7287969924812,132,3
385,2,34.72162004662,0.000626174076393237,0.0171869134357593,6,2,0.00140008914325413,86,86,86,86,86,86,73,59,400,796,3.98,49,3.7287969924812,0.0211267605633803,7,0.0099749373433584,-0.10796811591753,3.7287969924812,132,3
386,2,14.9175116550116,0.000585137507314219,0.011989578095626,6,2,0.00149124803771391,48,86,86,86,86,86,73,59,400,796,3.98,49,3.7287969924812,0.0211267605633803,7,0.0099749373433584,-0.10796811591753,3.7287969924812,132,3
387,2,110.13115299733,0.000755857898715041,0.122944125996821,5,2,0.00134993784079507,272,86,86,86,86,86,73,59,400,796,3.98,49,3.7287969924812,0.0211267605633803,7,0.0099749373433584,-0.10796811591753,3.7287969924812,132,3
388,2,4.3,0.00058411214953271,0.0174662575144395,6,2,0.00153788835632621,60,86,86,86,86,86,73,59,400,796,3.98,49,3.7287969924812,0.0211267605633803,7,0.0099749373433584,-0.10796811591753,3.7287969924812,132,3
389,2,35.1971444190484,0.000616903146206046,0.0241995077148081,6,2,0.0014449042875204,93,86,86,86,86,86,73,59,400,796,3.98,49,3.7287969924812,0.0211267605633803,7,0.0099749373433584,-0.10796811591753,3.7287969924812,132,3
390,2,28.0658591408592,0.0005720823798627,0.00837728270919501,7,2,0.00147430242824217,38,86,86,86,86,86,73,59,400,796,3.98,49,3.7287969924812,0.0211267605633803,7,0.0099749373433584,-0.10796811591753,3.7287969924812,132,3
391,2,172.220254403195,0.000713775874375446,0.0644444839287209,5,2,0.00138895110990057,207,86,86,86,86,86,73,59,400,796,3.98,49,3.7287969924812,0.0211267605633803,7,0.0099749373433584,-0.10796811591753,3.7287969924812,132,3
392,2,41.8415879871762,0.000619195046439629,0.0138380578077681,6,2,0.00142503739984306,77,86,86,86,86,86,73,59,400,796,3.98,49,3.7287969924812,0.0211267605633803,7,0.0099749373433584,-0.10796811591753,3.7287969924812,132,3
393,2,58.5453934953935,0.000633312222925902,0.0192426430019616,6,2,0.00146151670853708,89,86,86,86,86,86,73,59,400,796,3.98,49,3.7287969924812,0.0211267605633803,7,0.0099749373433584,-0.10796811591753,3.7287969924812,132,3
394,2,44.6723541150772,0.000613873542050338,0.0155553856100505,6,2,0.00140996571589656,80,86,86,86,86,86,73,59,400,796,3.98,49,3.7287969924812,0.0211267605633803,7,0.0099749373433584,-0.10796811591753,3.7287969924812,132,3
395,2,27.83943001443,0.000593824228028504,0.0088423125736372,6,2,0.00147997338369808,43,86,86,86,86,86,73,59,400,796,3.98,49,3.7287969924812,0.0211267605633803,7,0.0099749373433584,-0.10796811591753,3.7287969924812,132,3
396,2,83.7508874295639,0.000699790062981106,0.0492470373298432,5,2,0.00139141416735643,183,86,86,86,86,86,73,59,400,796,3.98,49,3.7287969924812,0.0211267605633803,7,0.0099749373433584,-0.10796811591753,3.7287969924812,132,3
397,2,0,0.000485908649173955,0.00112882573582135,7,2,0.00157524908358413,11,86,86,86,86,86,73,59,400,796,3.98,49,3.7287969924812,0.0211267605633803,7,0.0099749373433584,-0.10796811591753,3.7287969924812,132,3
398,2,30.1167748917749,0.000586166471277843,0.0137876754146885,7,2,0.0014352693157002,46,86,86,86,86,86,73,59,400,796,3.98,49,3.7287969924812,0.0211267605633803,7,0.0099749373433584,-0.10796811591753,3.7287969924812,132,3
399,2,25.3357142857143,0.000635324015247776,0.0294948305841461,6,2,0.00140765346528258,99,86,86,86,86,86,73,59,400,796,3.98,49,3.7287969924812,0.0211267605633803,7,0.0099749373433584,-0.10796811591753,3.7287969924812,132,3
