node,degree,closeness,betweenness,eigenvalue,eccentricity,pagerank,graph_size,graph_edges,graph_avg_degree,graph_max_degree,graph_apl,graph_clust_coef,graph_diameter,graph_density,graph_assortativity,avg_distance,graph_triads,graph_girth
1,10,0.00113636363636364,13733,1,11,0.0206048914917993,200,199,1.99,11,7.44040201005025,0,18,0.01,-0.183769889840881,7.44040201005025,0,0
2,6,0.000950570342205323,2472,0.403651118797963,12,0.0134194941690439,200,199,1.99,11,7.44040201005025,0,18,0.01,-0.183769889840881,7.44040201005025,0,0
3,1,0.000927643784786642,0,0.257927624286255,12,0.00250141577680441,200,199,1.99,11,7.44040201005025,0,18,0.01,-0.183769889840881,7.44040201005025,0,0
4,5,0.0010989010989011,9985,0.470192304221758,10,0.0109170565535774,200,199,1.99,11,7.44040201005025,0,18,0.01,-0.183769889840881,7.44040201005025,0,0
5,7,0.00094876660341556,2300,0.440552154270364,12,0.0156395235216351,200,199,1.99,11,7.44040201005025,0,18,0.01,-0.183769889840881,7.44040201005025,0,0
6,11,0.00105263157894737,11348,0.450492375027445,9,0.0236509895405196,200,199,1.99,11,7.44040201005025,0,18,0.01,-0.183769889840881,7.44040201005025,0,0
7,10,0.00105485232067511,10105,0.899412976498096,12,0.0209593124470423,200,199,1.99,11,7.44040201005025,0,18,0.01,-0.183769889840881,7.44040201005025,0,0
8,4,0.00094876660341556,2273,0.3323888803898,12,0.00892033982307547,200,199,1.99,11,7.44040201005025,0,18,0.01,-0.183769889840881,7.44040201005025,0,0
9,6,0.000927643784786642,5736,0.378999453795573,13,0.0133541485071738,200,199,1.99,11,7.44040201005025,0,18,0.01,-0.183769889840881,7.44040201005025,0,0
10,2,0.00087260034904014,198,0.124475357776662,10,0.00503338781134403,200,199,1.99,11,7.44040201005025,0,18,0.01,-0.183769889840881,7.44040201005025,0,0
11,4,0.000945179584120983,7017,0.153716335115124,10,0.00891684286688947,200,199,1.99,11,7.44040201005025,0,18,0.01,-0.183769889840881,7.44040201005025,0,0
12,7,0.000821018062397373,5201,0.178971645191968,14,0.0151558956009991,200,199,1.99,11,7.44040201005025,0,18,0.01,-0.183769889840881,7.44040201005025,0,0
13,5,0.000853242320819113,7073,0.0661791794533647,11,0.010841511274876,200,199,1.99,11,7.44040201005025,0,18,0.01,-0.183769889840881,7.44040201005025,0,0
14,2,0.000875656742556918,394,0.249785105418833,13,0.00481682874798911,200,199,1.99,11,7.44040201005025,0,18,0.01,-0.183769889840881,7.44040201005025,0,0
15,1,0.000871080139372822,0,0.116194428049901,10,0.00257757646449564,200,199,1.99,11,7.44040201005025,0,18,0.01,-0.183769889840881,7.44040201005025,0,0
16,2,0.000708215297450425,394,0.0497040318845703,15,0.00489883580366058,200,199,1.99,11,7.44040201005025,0,18,0.01,-0.183769889840881,7.44040201005025,0,0
17,4,0.000809061488673139,1545,0.11111599964109,13,0.00934473438442652,200,199,1.99,11,7.44040201005025,0,18,0.01,-0.183769889840881,7.44040201005025,0,0
18,2,0.000747384155455904,198,0.0690180169251396,14,0.00537714632938696,200,199,1.99,11,7.44040201005025,0,18,0.01,-0.183769889840881,7.44040201005025,0,0
19,4,0.000807754442649435,1169,0.132548591712756,13,0.00946677258518188,200,199,1.99,11,7.44040201005025,0,18,0.01,-0.183769889840881,7.44040201005025,0,0
20,3,0.000875656742556918,395,0.267586758557283,13,0.00734381007974395,200,199,1.99,11,7.44040201005025,0,18,0.01,-0.183769889840881,7.44040201005025,0,0
21,5,0.00088809946714032,1925,0.327910769521912,13,0.0112272846026097,200,199,1.99,11,7.44040201005025,0,18,0.01,-0.183769889840881,7.44040201005025,0,0
22,5,0.00088339222614841,1359,0.318326159817033,13,0.0115619485988956,200,199,1.99,11,7.44040201005025,0,18,0.01,-0.183769889840881,7.44040201005025,0,0
23,2,0.000755287009063444,588,0.0884402343164915,14,0.00495482899593714,200,199,1.99,11,7.44040201005025,0,18,0.01,-0.183769889840881,7.44040201005025,0,0
24,10,0.000745156482861401,2666,0.0453313330583935,12,0.0231654914603249,200,199,1.99,11,7.44040201005025,0,18,0.01,-0.183769889840881,7.44040201005025,0,0
25,3,0.000710227272727273,783,0.053880890645946,15,0.00717333146836819,200,199,1.99,11,7.44040201005025,0,18,0.01,-0.183769889840881,7.44040201005025,0,0
26,4,0.000755287009063444,4155,0.0221773771634957,12,0.00881895099900587,200,199,1.99,11,7.44040201005025,0,18,0.01,-0.183769889840881,7.44040201005025,0,0
27,1,0.000649350649350649,0,0.0116922030414804,13,0.00271906677412738,200,199,1.99,11,7.44040201005025,0,18,0.01,-0.183769889840881,7.44040201005025,0,0
28,5,0.00065359477124183,979,0.0160353405763582,13,0.012251649879585,200,199,1.99,11,7.44040201005025,0,18,0.01,-0.183769889840881,7.44040201005025,0,0
29,1,0.000783699059561129,0,0.0977544287232804,14,0.00264183770518362,200,199,1.99,11,7.44040201005025,0,18,0.01,-0.183769889840881,7.44040201005025,0,0
30,3,0.000671140939597316,2943,0.00689457978924658,13,0.00682995080675284,200,199,1.99,11,7.44040201005025,0,18,0.01,-0.183769889840881,7.44040201005025,0,0
31,2,0.000658761528326746,394,0.0245616350100079,15,0.00526893584499845,200,199,1.99,11,7.44040201005025,0,18,0.01,-0.183769889840881,7.44040201005025,0,0
32,5,0.000701262272089762,786,0.0390518395059474,14,0.0125254882859966,200,199,1.99,11,7.44040201005025,0,18,0.01,-0.183769889840881,7.44040201005025,0,0
33,1,0.000902527075812274,0,0.121275583985598,11,0.00260589961410936,200,199,1.99,11,7.44040201005025,0,18,0.01,-0.183769889840881,7.44040201005025,0,0
34,3,0.000899280575539568,3275,0.142163894088046,10,0.00675801737270042,200,199,1.99,11,7.44040201005025,0,18,0.01,-0.183769889840881,7.44040201005025,0,0
35,7,0.000782472613458529,3016,0.0640170944354484,11,0.0157737592979843,200,199,1.99,11,7.44040201005025,0,18,0.01,-0.183769889840881,7.44040201005025,0,0
36,1,0.00061576354679803,0,0.0100725481877771,15,0.00287933300861925,200,199,1.99,11,7.44040201005025,0,18,0.01,-0.183769889840881,7.44040201005025,0,0
37,2,0.000621890547263682,198,0.0137337000463051,16,0.00543171071084822,200,199,1.99,11,7.44040201005025,0,18,0.01,-0.183769889840881,7.44040201005025,0,0
38,3,0.000932835820895522,590,0.299148676193275,12,0.00711841574051747,200,199,1.99,11,7.44040201005025,0,18,0.01,-0.183769889840881,7.44040201005025,0,0
39,6,0.000602409638554217,2659,0.00277499637895867,14,0.0135779569423886,200,199,1.99,11,7.44040201005025,0,18,0.01,-0.183769889840881,7.44040201005025,0,0
40,1,0.000783699059561129,0,0.0977544287232804,14,0.00264183770518362,200,199,1.99,11,7.44040201005025,0,18,0.01,-0.183769889840881,7.44040201005025,0,0
41,3,0.000802568218298555,395,0.120091323218079,13,0.00757445982112484,200,199,1.99,11,7.44040201005025,0,18,0.01,-0.183769889840881,7.44040201005025,0,0
42,3,0.000541125541125541,974,0.000835847240743218,15,0.0072084300873835,200,199,1.99,11,7.44040201005025,0,18,0.01,-0.183769889840881,7.44040201005025,0,0
43,5,0.000721500721500722,2818,0.066233932656705,15,0.0111906734570842,200,199,1.99,11,7.44040201005025,0,18,0.01,-0.183769889840881,7.44040201005025,0,0
44,2,0.000697350069735007,198,0.0366244453643259,14,0.00532162688743873,200,199,1.99,11,7.44040201005025,0,18,0.01,-0.183769889840881,7.44040201005025,0,0
45,1,0.000677506775067751,0,0.016511777081444,12,0.00266538505761227,200,199,1.99,11,7.44040201005025,0,18,0.01,-0.183769889840881,7.44040201005025,0,0
46,2,0.000788643533123028,198,0.082657644305976,13,0.00532976040675503,200,199,1.99,11,7.44040201005025,0,18,0.01,-0.183769889840881,7.44040201005025,0,0
47,2,0.000757575757575758,394,0.0910674276147435,14,0.00499403605301161,200,199,1.99,11,7.44040201005025,0,18,0.01,-0.183769889840881,7.44040201005025,0,0
48,5,0.000638569604086846,1738,0.0241353602721832,16,0.0115752587792755,200,199,1.99,11,7.44040201005025,0,18,0.01,-0.183769889840881,7.44040201005025,0,0
49,4,0.000683994528043776,1359,0.0210313003564003,12,0.00935613328625037,200,199,1.99,11,7.44040201005025,0,18,0.01,-0.183769889840881,7.44040201005025,0,0
50,2,0.000603864734299517,394,0.00584081585866432,13,0.00510493621615016,200,199,1.99,11,7.44040201005025,0,18,0.01,-0.183769889840881,7.44040201005025,0,0
51,2,0.00087260034904014,198,0.124475357776662,10,0.00503338781134403,200,199,1.99,11,7.44040201005025,0,18,0.01,-0.183769889840881,7.44040201005025,0,0
52,1,0.000682128240109141,0,0.0213196898249387,14,0.00301514817287143,200,199,1.99,11,7.44040201005025,0,18,0.01,-0.183769889840881,7.44040201005025,0,0
53,2,0.000730994152046784,198,0.0182859411090402,12,0.00505762335300038,200,199,1.99,11,7.44040201005025,0,18,0.01,-0.183769889840881,7.44040201005025,0,0
54,2,0.000538793103448276,198,0.000766758076823771,15,0.00518363037208425,200,199,1.99,11,7.44040201005025,0,18,0.01,-0.183769889840881,7.44040201005025,0,0
55,2,0.000659630606860158,198,0.0251628024413396,15,0.00549505334251156,200,199,1.99,11,7.44040201005025,0,18,0.01,-0.183769889840881,7.44040201005025,0,0
56,1,0.000649350649350649,0,0.0116922030414804,13,0.00271906677412738,200,199,1.99,11,7.44040201005025,0,18,0.01,-0.183769889840881,7.44040201005025,0,0
57,3,0.000603864734299517,395,0.00625707838075164,13,0.00774246621863287,200,199,1.99,11,7.44040201005025,0,18,0.01,-0.183769889840881,7.44040201005025,0,0
58,1,0.00087260034904014,0,0.231983452280383,13,0.00253154155799966,200,199,1.99,11,7.44040201005025,0,18,0.01,-0.183769889840881,7.44040201005025,0,0
59,1,0.00075187969924812,0,0.082105110149774,14,0.0027155312618128,200,199,1.99,11,7.44040201005025,0,18,0.01,-0.183769889840881,7.44040201005025,0,0
60,1,0.000798722044728435,0,0.113630570525147,13,0.00264908499905669,200,199,1.99,11,7.44040201005025,0,18,0.01,-0.183769889840881,7.44040201005025,0,0
61,2,0.000632111251580278,198,0.0183010699435178,16,0.00515055105706931,200,199,1.99,11,7.44040201005025,0,18,0.01,-0.183769889840881,7.44040201005025,0,0
62,2,0.00058343057176196,198,0.00678661499046299,16,0.00567796122758872,200,199,1.99,11,7.44040201005025,0,18,0.01,-0.183769889840881,7.44040201005025,0,0
63,1,0.00075187969924812,0,0.082105110149774,14,0.0027155312618128,200,199,1.99,11,7.44040201005025,0,18,0.01,-0.183769889840881,7.44040201005025,0,0
64,2,0.000802568218298555,588,0.12307493979703,13,0.00489263009301227,200,199,1.99,11,7.44040201005025,0,18,0.01,-0.183769889840881,7.44040201005025,0,0
65,1,0.000783699059561129,0,0.0977544287232804,14,0.00264183770518362,200,199,1.99,11,7.44040201005025,0,18,0.01,-0.183769889840881,7.44040201005025,0,0
66,4,0.000568828213879408,591,0.00777738682947562,17,0.0101070537352711,200,199,1.99,11,7.44040201005025,0,18,0.01,-0.183769889840881,7.44040201005025,0,0
67,2,8e-04,198,0.0918422310810122,13,0.00513983908008604,200,199,1.99,11,7.44040201005025,0,18,0.01,-0.183769889840881,7.44040201005025,0,0
68,1,0.00058343057176196,0,0.00649018185407912,16,0.00308539767056668,200,199,1.99,11,7.44040201005025,0,18,0.01,-0.183769889840881,7.44040201005025,0,0
69,1,0.00061576354679803,0,0.0100725481877771,15,0.00287933300861925,200,199,1.99,11,7.44040201005025,0,18,0.01,-0.183769889840881,7.44040201005025,0,0
70,1,0.000871080139372822,0,0.116194428049901,10,0.00257757646449564,200,199,1.99,11,7.44040201005025,0,18,0.01,-0.183769889840881,7.44040201005025,0,0
71,4,0.000758725341426404,591,0.105666079617724,14,0.00997792825635814,200,199,1.99,11,7.44040201005025,0,18,0.01,-0.183769889840881,7.44040201005025,0,0
72,1,8e-04,0,0.104112774112047,13,0.00265109500728222,200,199,1.99,11,7.44040201005025,0,18,0.01,-0.183769889840881,7.44040201005025,0,0
73,1,0.000578703703703704,0,0.00413595729948104,14,0.00283278047952853,200,199,1.99,11,7.44040201005025,0,18,0.01,-0.183769889840881,7.44040201005025,0,0
74,1,0.000798722044728435,0,0.113630570525147,13,0.00264908499905669,200,199,1.99,11,7.44040201005025,0,18,0.01,-0.183769889840881,7.44040201005025,0,0
75,1,0.000553709856035437,0,0.00354230062560351,17,0.00305847705210931,200,199,1.99,11,7.44040201005025,0,18,0.01,-0.183769889840881,7.44040201005025,0,0
76,2,0.000579374275782155,198,0.00443071817850681,14,0.00543292442978793,200,199,1.99,11,7.44040201005025,0,18,0.01,-0.183769889840881,7.44040201005025,0,0
77,1,0.00087260034904014,0,0.231983452280383,13,0.00253154155799966,200,199,1.99,11,7.44040201005025,0,18,0.01,-0.183769889840881,7.44040201005025,0,0
78,1,0.000638569604086846,0,0.00471644934809309,13,0.00289948992502487,200,199,1.99,11,7.44040201005025,0,18,0.01,-0.183769889840881,7.44040201005025,0,0
79,1,0.000798722044728435,0,0.0857322742581093,13,0.00264557221240454,200,199,1.99,11,7.44040201005025,0,18,0.01,-0.183769889840881,7.44040201005025,0,0
80,3,0.000624219725343321,395,0.0160302477870227,16,0.00782786607595221,200,199,1.99,11,7.44040201005025,0,18,0.01,-0.183769889840881,7.44040201005025,0,0
81,4,0.000660501981505944,785,0.00718902922181965,13,0.00969561566824142,200,199,1.99,11,7.44040201005025,0,18,0.01,-0.183769889840881,7.44040201005025,0,0
82,1,0.000511247443762781,0,0.00200600290808185,18,0.00289774891874324,200,199,1.99,11,7.44040201005025,0,18,0.01,-0.183769889840881,7.44040201005025,0,0
83,1,0.000602409638554217,0,0.00542455333657697,13,0.00273817832332742,200,199,1.99,11,7.44040201005025,0,18,0.01,-0.183769889840881,7.44040201005025,0,0
84,1,0.000486854917234664,0,0.000197768089157439,16,0.00295304290813377,200,199,1.99,11,7.44040201005025,0,18,0.01,-0.183769889840881,7.44040201005025,0,0
85,2,0.00087260034904014,198,0.124475357776662,10,0.00503338781134403,200,199,1.99,11,7.44040201005025,0,18,0.01,-0.183769889840881,7.44040201005025,0,0
86,1,0.000578703703703704,0,0.00413595729948103,14,0.00283278047952853,200,199,1.99,11,7.44040201005025,0,18,0.01,-0.183769889840881,7.44040201005025,0,0
87,2,0.000707213578500707,198,0.0494515796539084,15,0.0050533992196473,200,199,1.99,11,7.44040201005025,0,18,0.01,-0.183769889840881,7.44040201005025,0,0
88,2,0.000801282051282051,394,0.122350209717204,13,0.00498071605598392,200,199,1.99,11,7.44040201005025,0,18,0.01,-0.183769889840881,7.44040201005025,0,0
89,2,0.000632111251580278,198,0.0183010699435178,16,0.00515055105706931,200,199,1.99,11,7.44040201005025,0,18,0.01,-0.183769889840881,7.44040201005025,0,0
90,1,0.000555555555555556,0,0.00413464372842676,17,0.00296789538818529,200,199,1.99,11,7.44040201005025,0,18,0.01,-0.183769889840881,7.44040201005025,0,0
91,1,0.000511247443762781,0,0.00200600290808186,18,0.00289774891874324,200,199,1.99,11,7.44040201005025,0,18,0.01,-0.183769889840881,7.44040201005025,0,0
92,1,0.000538213132400431,0,0.000715748223427746,15,0.00267354390017054,200,199,1.99,11,7.44040201005025,0,18,0.01,-0.183769889840881,7.44040201005025,0,0
93,1,0.000561797752808989,0,0.00472035149242813,17,0.00293898419925336,200,199,1.99,11,7.44040201005025,0,18,0.01,-0.183769889840881,7.44040201005025,0,0
94,2,0.000692520775623269,198,0.0338065347447242,14,0.00548619072218169,200,199,1.99,11,7.44040201005025,0,18,0.01,-0.183769889840881,7.44040201005025,0,0
95,2,0.00075642965204236,198,0.0906048861594471,14,0.00516029492359164,200,199,1.99,11,7.44040201005025,0,18,0.01,-0.183769889840881,7.44040201005025,0,0
96,1,0.000692520775623269,0,0.0309748696950319,14,0.00289609694931919,200,199,1.99,11,7.44040201005025,0,18,0.01,-0.183769889840881,7.44040201005025,0,0
97,1,0.000620347394540943,0,0.0127549284573351,16,0.00289769466834966,200,199,1.99,11,7.44040201005025,0,18,0.01,-0.183769889840881,7.44040201005025,0,0
98,1,0.000677506775067751,0,0.016511777081444,12,0.00266538505761227,200,199,1.99,11,7.44040201005025,0,18,0.01,-0.183769889840881,7.44040201005025,0,0
99,1,0.000706214689265537,0,0.0461617312589668,15,0.00259035875155009,200,199,1.99,11,7.44040201005025,0,18,0.01,-0.183769889840881,7.44040201005025,0,0
100,1,0.00062266500622665,0,0.0138973701187363,16,0.00278244391603722,200,199,1.99,11,7.44040201005025,0,18,0.01,-0.183769889840881,7.44040201005025,0,0
101,2,0.000567536889897843,198,0.00666883119778799,17,0.00525290644614357,200,199,1.99,11,7.44040201005025,0,18,0.01,-0.183769889840881,7.44040201005025,0,0
102,1,0.000696378830083565,0,0.03418794336296,14,0.00276168917435161,200,199,1.99,11,7.44040201005025,0,18,0.01,-0.183769889840881,7.44040201005025,0,0
103,1,0.000631313131313131,0,0.0170835608972797,16,0.00265241448770395,200,199,1.99,11,7.44040201005025,0,18,0.01,-0.183769889840881,7.44040201005025,0,0
104,1,0.00058411214953271,0,0.0018542492281084,14,0.00281031832950055,200,199,1.99,11,7.44040201005025,0,18,0.01,-0.183769889840881,7.44040201005025,0,0
105,2,0.000679347826086957,394,0.017778836974785,12,0.00500344274062518,200,199,1.99,11,7.44040201005025,0,18,0.01,-0.183769889840881,7.44040201005025,0,0
106,2,0.000599520383693046,198,0.00491246293159678,13,0.00550131219532451,200,199,1.99,11,7.44040201005025,0,18,0.01,-0.183769889840881,7.44040201005025,0,0
107,3,0.000874125874125874,395,0.134027190554573,10,0.00743262340417306,200,199,1.99,11,7.44040201005025,0,18,0.01,-0.183769889840881,7.44040201005025,0,0
108,1,0.00061576354679803,0,0.0100725481877771,15,0.00287933300861925,200,199,1.99,11,7.44040201005025,0,18,0.01,-0.183769889840881,7.44040201005025,0,0
109,1,0.000746268656716418,0,0.0690180169251397,14,0.00283074618926135,200,199,1.99,11,7.44040201005025,0,18,0.01,-0.183769889840881,7.44040201005025,0,0
110,1,0.000561797752808989,0,0.00472035149242812,17,0.00293898419925336,200,199,1.99,11,7.44040201005025,0,18,0.01,-0.183769889840881,7.44040201005025,0,0
111,1,0.000744047619047619,0,0.0321056333135161,11,0.00288918981982165,200,199,1.99,11,7.44040201005025,0,18,0.01,-0.183769889840881,7.44040201005025,0,0
112,1,0.000659630606860158,0,0.0272542008834417,15,0.00287030975447606,200,199,1.99,11,7.44040201005025,0,18,0.01,-0.183769889840881,7.44040201005025,0,0
113,1,0.000745156482861401,0,0.034569314849502,11,0.00285590996451613,200,199,1.99,11,7.44040201005025,0,18,0.01,-0.183769889840881,7.44040201005025,0,0
114,2,0.000707213578500707,198,0.0494515796539084,15,0.0050533992196473,200,199,1.99,11,7.44040201005025,0,18,0.01,-0.183769889840881,7.44040201005025,0,0
115,1,0.000649350649350649,0,0.0116922030414804,13,0.00271906677412738,200,199,1.99,11,7.44040201005025,0,18,0.01,-0.183769889840881,7.44040201005025,0,0
116,1,0.000555555555555556,0,0.00413464372842676,17,0.00296789538818529,200,199,1.99,11,7.44040201005025,0,18,0.01,-0.183769889840881,7.44040201005025,0,0
117,3,0.000490196078431373,590,0.000250042595568074,16,0.00762831508648152,200,199,1.99,11,7.44040201005025,0,18,0.01,-0.183769889840881,7.44040201005025,0,0
118,1,0.000609013398294762,0,0.00871963919205746,15,0.00308163105692711,200,199,1.99,11,7.44040201005025,0,18,0.01,-0.183769889840881,7.44040201005025,0,0
119,1,0.000746268656716418,0,0.0690180169251396,14,0.00283074618926135,200,199,1.99,11,7.44040201005025,0,18,0.01,-0.183769889840881,7.44040201005025,0,0
120,2,0.000698324022346369,198,0.0307024149058983,14,0.00528102709462383,200,199,1.99,11,7.44040201005025,0,18,0.01,-0.183769889840881,7.44040201005025,0,0
121,1,0.000755287009063444,0,0.0845772457606642,14,0.00265863838244419,200,199,1.99,11,7.44040201005025,0,18,0.01,-0.183769889840881,7.44040201005025,0,0
122,1,8e-04,0,0.104112774112047,13,0.00265109500728222,200,199,1.99,11,7.44040201005025,0,18,0.01,-0.183769889840881,7.44040201005025,0,0
123,3,0.000539956803455723,590,0.000830136493206596,15,0.00742005229632311,200,199,1.99,11,7.44040201005025,0,18,0.01,-0.183769889840881,7.44040201005025,0,0
124,2,0.000567536889897843,198,0.006668831197788,17,0.00525290644614357,200,199,1.99,11,7.44040201005025,0,18,0.01,-0.183769889840881,7.44040201005025,0,0
125,1,0.000539374325782093,0,0.00161387336172015,14,0.00294369876194439,200,199,1.99,11,7.44040201005025,0,18,0.01,-0.183769889840881,7.44040201005025,0,0
126,1,0.000783699059561129,0,0.0977544287232804,14,0.00264183770518362,200,199,1.99,11,7.44040201005025,0,18,0.01,-0.183769889840881,7.44040201005025,0,0
127,1,0.000538213132400431,0,0.000715748223427748,15,0.00267354390017054,200,199,1.99,11,7.44040201005025,0,18,0.01,-0.183769889840881,7.44040201005025,0,0
128,1,8e-04,0,0.104112774112047,13,0.00265109500728222,200,199,1.99,11,7.44040201005025,0,18,0.01,-0.183769889840881,7.44040201005025,0,0
129,3,0.000694444444444444,395,0.0366163542893799,14,0.00791839444925496,200,199,1.99,11,7.44040201005025,0,18,0.01,-0.183769889840881,7.44040201005025,0,0
130,1,0.000511247443762781,0,0.00200600290808185,18,0.00289774891874324,200,199,1.99,11,7.44040201005025,0,18,0.01,-0.183769889840881,7.44040201005025,0,0
131,1,0.000649350649350649,0,0.0116922030414804,13,0.00271906677412738,200,199,1.99,11,7.44040201005025,0,18,0.01,-0.183769889840881,7.44040201005025,0,0
132,1,0.00075187969924812,0,0.082105110149774,14,0.0027155312618128,200,199,1.99,11,7.44040201005025,0,18,0.01,-0.183769889840881,7.44040201005025,0,0
133,1,0.000659630606860158,0,0.0272542008834417,15,0.00287030975447606,200,199,1.99,11,7.44040201005025,0,18,0.01,-0.183769889840881,7.44040201005025,0,0
134,2,0.000447227191413238,198,6.9089163919453e-05,17,0.00555593885113646,200,199,1.99,11,7.44040201005025,0,18,0.01,-0.183769889840881,7.44040201005025,0,0
135,1,0.000744047619047619,0,0.0321056333135161,11,0.00288918981982165,200,199,1.99,11,7.44040201005025,0,18,0.01,-0.183769889840881,7.44040201005025,0,0
136,1,0.000578703703703704,0,0.00413595729948107,14,0.00283278047952853,200,199,1.99,11,7.44040201005025,0,18,0.01,-0.183769889840881,7.44040201005025,0,0
137,1,0.000510204081632653,0,0.00172007578761151,18,0.00298248523960914,200,199,1.99,11,7.44040201005025,0,18,0.01,-0.183769889840881,7.44040201005025,0,0
138,2,0.000874125874125874,198,0.24851641946604,13,0.00496131750763231,200,199,1.99,11,7.44040201005025,0,18,0.01,-0.183769889840881,7.44040201005025,0,0
139,1,0.000871080139372822,0,0.116194428049901,10,0.00257757646449564,200,199,1.99,11,7.44040201005025,0,18,0.01,-0.183769889840881,7.44040201005025,0,0
140,2,0.00067842605156038,198,0.0176885363113845,12,0.0051708572330514,200,199,1.99,11,7.44040201005025,0,18,0.01,-0.183769889840881,7.44040201005025,0,0
141,1,0.000535905680600214,0,0.00126705989334106,14,0.0030880576830113,200,199,1.99,11,7.44040201005025,0,18,0.01,-0.183769889840881,7.44040201005025,0,0
142,1,0.000649350649350649,0,0.0116922030414805,13,0.00271906677412738,200,199,1.99,11,7.44040201005025,0,18,0.01,-0.183769889840881,7.44040201005025,0,0
143,1,0.000598086124401914,0,0.00456236214789654,13,0.00294761432404604,200,199,1.99,11,7.44040201005025,0,18,0.01,-0.183769889840881,7.44040201005025,0,0
144,1,0.000697350069735007,0,0.0286598858076187,14,0.0027357560566911,200,199,1.99,11,7.44040201005025,0,18,0.01,-0.183769889840881,7.44040201005025,0,0
145,1,0.000592417061611374,0,0.00177830258549238,14,0.00268515272857937,200,199,1.99,11,7.44040201005025,0,18,0.01,-0.183769889840881,7.44040201005025,0,0
146,1,0.000657894736842105,0,0.0233695030358328,15,0.0029431253425264,200,199,1.99,11,7.44040201005025,0,18,0.01,-0.183769889840881,7.44040201005025,0,0
147,1,0.00069060773480663,0,0.0236886484718747,14,0.00293443160903706,200,199,1.99,11,7.44040201005025,0,18,0.01,-0.183769889840881,7.44040201005025,0,0
148,2,0.000584795321637427,198,0.00198639762637131,14,0.0053977586371808,200,199,1.99,11,7.44040201005025,0,18,0.01,-0.183769889840881,7.44040201005025,0,0
149,1,0.000610500610500611,0,0.00944436927188358,15,0.00299354509395545,200,199,1.99,11,7.44040201005025,0,18,0.01,-0.183769889840881,7.44040201005025,0,0
150,1,0.000927643784786642,0,0.257927624286255,12,0.00250141577680441,200,199,1.99,11,7.44040201005025,0,18,0.01,-0.183769889840881,7.44040201005025,0,0
151,1,0.000613496932515337,0,0.00791900093652925,15,0.00299443651521498,200,199,1.99,11,7.44040201005025,0,18,0.01,-0.183769889840881,7.44040201005025,0,0
152,1,0.000612745098039216,0,0.00944645618362233,15,0.00301169142716132,200,199,1.99,11,7.44040201005025,0,18,0.01,-0.183769889840881,7.44040201005025,0,0
153,1,0.000659630606860158,0,0.0272542008834417,15,0.00287030975447606,200,199,1.99,11,7.44040201005025,0,18,0.01,-0.183769889840881,7.44040201005025,0,0
154,1,0.000524109014675052,0,0.000512346820657784,15,0.00304404742080029,200,199,1.99,11,7.44040201005025,0,18,0.01,-0.183769889840881,7.44040201005025,0,0
155,2,0.000539956803455723,198,0.00161387336172015,14,0.00556884210075939,200,199,1.99,11,7.44040201005025,0,18,0.01,-0.183769889840881,7.44040201005025,0,0
156,2,0.00048828125,198,0.000229374663642313,16,0.00546355874852499,200,199,1.99,11,7.44040201005025,0,18,0.01,-0.183769889840881,7.44040201005025,0,0
157,1,0.000620347394540943,0,0.0127549284573351,16,0.00289769466834966,200,199,1.99,11,7.44040201005025,0,18,0.01,-0.183769889840881,7.44040201005025,0,0
158,1,0.000566893424036281,0,0.00622517613629704,17,0.0027177939924758,200,199,1.99,11,7.44040201005025,0,18,0.01,-0.183769889840881,7.44040201005025,0,0
159,1,0.000657030223390276,0,0.00572015820468066,13,0.00262402708728865,200,199,1.99,11,7.44040201005025,0,18,0.01,-0.183769889840881,7.44040201005025,0,0
160,1,0.00072992700729927,0,0.0170694385336201,12,0.00259305691672925,200,199,1.99,11,7.44040201005025,0,18,0.01,-0.183769889840881,7.44040201005025,0,0
161,2,0.000904159132007233,198,0.12991863688763,11,0.0050777293371585,200,199,1.99,11,7.44040201005025,0,18,0.01,-0.183769889840881,7.44040201005025,0,0
162,1,0.000510204081632653,0,0.0017200757876115,18,0.00298248523960914,200,199,1.99,11,7.44040201005025,0,18,0.01,-0.183769889840881,7.44040201005025,0,0
163,1,0.00061576354679803,0,0.0100725481877771,15,0.00287933300861925,200,199,1.99,11,7.44040201005025,0,18,0.01,-0.183769889840881,7.44040201005025,0,0
164,2,0.00087260034904014,198,0.124475357776662,10,0.00503338781134403,200,199,1.99,11,7.44040201005025,0,18,0.01,-0.183769889840881,7.44040201005025,0,0
165,1,0.000410846343467543,0,1.7820003913658e-05,18,0.00311127401172895,200,199,1.99,11,7.44040201005025,0,18,0.01,-0.183769889840881,7.44040201005025,0,0
166,1,0.000649350649350649,0,0.0116922030414804,13,0.00271906677412738,200,199,1.99,11,7.44040201005025,0,18,0.01,-0.183769889840881,7.44040201005025,0,0
167,1,0.000692520775623269,0,0.0309748696950319,14,0.00289609694931919,200,199,1.99,11,7.44040201005025,0,18,0.01,-0.183769889840881,7.44040201005025,0,0
168,1,0.00048780487804878,0,0.000416262522087357,15,0.0031167578928202,200,199,1.99,11,7.44040201005025,0,18,0.01,-0.183769889840881,7.44040201005025,0,0
169,3,0.000698324022346369,395,0.0394348857916708,14,0.00778782477366821,200,199,1.99,11,7.44040201005025,0,18,0.01,-0.183769889840881,7.44040201005025,0,0
170,1,0.000902527075812274,0,0.121275583985598,11,0.00260589961410936,200,199,1.99,11,7.44040201005025,0,18,0.01,-0.183769889840881,7.44040201005025,0,0
171,1,0.00078740157480315,0,0.0771587073589097,13,0.00276688445981432,200,199,1.99,11,7.44040201005025,0,18,0.01,-0.183769889840881,7.44040201005025,0,0
172,2,8e-04,198,0.12172877957977,13,0.00514533855038296,200,199,1.99,11,7.44040201005025,0,18,0.01,-0.183769889840881,7.44040201005025,0,0
173,1,0.000613496932515337,0,0.0101713464062454,15,0.00295655035253918,200,199,1.99,11,7.44040201005025,0,18,0.01,-0.183769889840881,7.44040201005025,0,0
174,1,0.000488758553274682,0,0.000215588093071087,16,0.00279238852475669,200,199,1.99,11,7.44040201005025,0,18,0.01,-0.183769889840881,7.44040201005025,0,0
175,1,0.000445235975066785,0,5.91620620647125e-05,17,0.00307201246812013,200,199,1.99,11,7.44040201005025,0,18,0.01,-0.183769889840881,7.44040201005025,0,0
176,1,0.000523012552301255,0,0.00175045548143559,17,0.00316313352172366,200,199,1.99,11,7.44040201005025,0,18,0.01,-0.183769889840881,7.44040201005025,0,0
177,1,0.000649350649350649,0,0.0116922030414804,13,0.00271906677412738,200,199,1.99,11,7.44040201005025,0,18,0.01,-0.183769889840881,7.44040201005025,0,0
178,1,0.000651041666666667,0,0.0178016531384498,15,0.00303528718998944,200,199,1.99,11,7.44040201005025,0,18,0.01,-0.183769889840881,7.44040201005025,0,0
179,1,0.000446827524575514,0,6.44928926452262e-05,17,0.00291135594116686,200,199,1.99,11,7.44040201005025,0,18,0.01,-0.183769889840881,7.44040201005025,0,0
180,1,0.00058411214953271,0,0.00185424922810841,14,0.00281031832950055,200,199,1.99,11,7.44040201005025,0,18,0.01,-0.183769889840881,7.44040201005025,0,0
181,1,0.000744047619047619,0,0.0321056333135161,11,0.00288918981982165,200,199,1.99,11,7.44040201005025,0,18,0.01,-0.183769889840881,7.44040201005025,0,0
182,1,0.000796178343949045,0,0.0396476891302336,11,0.00264482910921465,200,199,1.99,11,7.44040201005025,0,18,0.01,-0.183769889840881,7.44040201005025,0,0
183,1,0.000744047619047619,0,0.0321056333135161,11,0.00288918981982165,200,199,1.99,11,7.44040201005025,0,18,0.01,-0.183769889840881,7.44040201005025,0,0
184,1,0.00069060773480663,0,0.0313972149242752,14,0.00293676888391325,200,199,1.99,11,7.44040201005025,0,18,0.01,-0.183769889840881,7.44040201005025,0,0
185,1,0.000927643784786642,0,0.257927624286255,12,0.00250141577680441,200,199,1.99,11,7.44040201005025,0,18,0.01,-0.183769889840881,7.44040201005025,0,0
186,1,0.000613496932515337,0,0.0101713464062454,15,0.00295655035253918,200,199,1.99,11,7.44040201005025,0,18,0.01,-0.183769889840881,7.44040201005025,0,0
187,1,0.000927643784786642,0,0.257927624286255,12,0.00250141577680441,200,199,1.99,11,7.44040201005025,0,18,0.01,-0.183769889840881,7.44040201005025,0,0
188,1,0.000763358778625954,0,0.0366679954614126,11,0.00266477158893224,200,199,1.99,11,7.44040201005025,0,18,0.01,-0.183769889840881,7.44040201005025,0,0
189,1,0.000539374325782093,0,0.00161387336172015,14,0.00294369876194439,200,199,1.99,11,7.44040201005025,0,18,0.01,-0.183769889840881,7.44040201005025,0,0
190,1,0.000798722044728435,0,0.113630570525147,13,0.00264908499905669,200,199,1.99,11,7.44040201005025,0,18,0.01,-0.183769889840881,7.44040201005025,0,0
191,1,0.000677506775067751,0,0.016511777081444,12,0.00266538505761227,200,199,1.99,11,7.44040201005025,0,18,0.01,-0.183769889840881,7.44040201005025,0,0
192,1,0.000796178343949045,0,0.0396476891302337,11,0.00264482910921465,200,199,1.99,11,7.44040201005025,0,18,0.01,-0.183769889840881,7.44040201005025,0,0
193,1,0.00087260034904014,0,0.231983452280383,13,0.00253154155799966,200,199,1.99,11,7.44040201005025,0,18,0.01,-0.183769889840881,7.44040201005025,0,0
194,1,0.000745156482861401,0,0.0640992496690022,14,0.0028585599407443,200,199,1.99,11,7.44040201005025,0,18,0.01,-0.183769889840881,7.44040201005025,0,0
195,1,0.000649350649350649,0,0.0116922030414804,13,0.00271906677412738,200,199,1.99,11,7.44040201005025,0,18,0.01,-0.183769889840881,7.44040201005025,0,0
196,1,0.00048780487804878,0,0.000214115133526084,16,0.00285234815062288,200,199,1.99,11,7.44040201005025,0,18,0.01,-0.183769889840881,7.44040201005025,0,0
197,1,0.000610500610500611,0,0.00944436927188356,15,0.00299354509395545,200,199,1.99,11,7.44040201005025,0,18,0.01,-0.183769889840881,7.44040201005025,0,0
198,1,0.000766871165644172,0,0.033509605362935,12,0.0029080349682931,200,199,1.99,11,7.44040201005025,0,18,0.01,-0.183769889840881,7.44040201005025,0,0
199,1,0.00051975051975052,0,0.00114280461366417,15,0.00305899288265812,200,199,1.99,11,7.44040201005025,0,18,0.01,-0.183769889840881,7.44040201005025,0,0
200,1,0.000745156482861401,0,0.0345693148495021,11,0.00285590996451613,200,199,1.99,11,7.44040201005025,0,18,0.01,-0.183769889840881,7.44040201005025,0,0
